A0A140KXU9	PF3D7_API00100
A0A140KXV7	PF3D7_API02000
A0A140KXV8	PF3D7_API02100
A0A140KXW0	PF3D7_API02300
A0A140KXW6	PF3D7_API02900
A0A140KXW8	PF3D7_API03500
A0A140KXW9	PF3D7_API03600
A0A140KXX4	PF3D7_API04300
A0A140KXX5	PF3D7_API04400
A0A143ZUM0	PF3D7_0107800
A0A143ZV51	PF3D7_0108400
A0A143ZV68	PF3D7_0314200
A0A143ZVA4	PF3D7_0529400
A0A143ZVA5	PF3D7_0530750
A0A143ZVA6	PF3D7_0526200
A0A143ZVB3	PF3D7_0902600
A0A143ZVB5	PF3D7_0625000
A0A143ZVB6	PF3D7_0903600
A0A143ZVC0	PF3D7_0928000
A0A143ZVC5	PF3D7_0930400
A0A143ZVC8	PF3D7_1344400
A0A143ZVD1	PF3D7_1351800
A0A143ZVI0	PF3D7_0700300
A0A143ZVI1	PF3D7_0700500
A0A143ZVI9	PF3D7_0705800
A0A143ZVJ1	PF3D7_0706200
A0A143ZVJ7	PF3D7_0717600
A0A143ZVJ8	PF3D7_0719500
A0A143ZVK7	PF3D7_0800400
A0A143ZVL3	PF3D7_0805900
A0A143ZVL6	PF3D7_0806700
A0A143ZVM1	PF3D7_0831600
A0A143ZVM5	PF3D7_0831800
A0A143ZVN0	PF3D7_0832800
A0A143ZVN3	PF3D7_0833000
A0A143ZVW0	PF3D7_0700200
A0A143ZVW7	PF3D7_0704300
A0A143ZVX7	PF3D7_0717000
A0A143ZVZ5	PF3D7_0805800
A0A143ZW02	PF3D7_0831500
A0A143ZW11	PF3D7_0832600
A0A143ZW87	PF3D7_0408900
A0A143ZW95	PF3D7_0608310
A0A143ZWA3	PF3D7_0905700
A0A143ZWB4	PF3D7_1303200
A0A143ZWC2	PF3D7_1361500
A0A143ZWD4	PF3D7_0700800
A0A143ZWD5	PF3D7_1000500
A0A143ZWE7	PF3D7_0710400
A0A143ZWE8	PF3D7_0203700
A0A143ZWF7	PF3D7_0720900
A0A143ZWG8	PF3D7_0800700
A0A143ZWH4	PF3D7_0414200
A0A143ZWH6	PF3D7_0205700
A0A143ZWH7	PF3D7_0806900
A0A143ZWI3	PF3D7_0613000
A0A143ZWI7	PF3D7_0832000
A0A143ZWJ1	PF3D7_0207300
A0A143ZWJ2	PF3D7_0905700
A0A143ZWJ4	PF3D7_0833100
A0A143ZWJ6	PF3D7_1304200
A0A143ZWL4	PF3D7_1371700
A0A143ZWN4	PF3D7_0701100
A0A143ZWP5	PF3D7_0713200
A0A143ZWS3	PF3D7_0213600
A0A143ZWS9	PF3D7_0810700
A0A143ZWT2	PF3D7_0216300
A0A143ZWT9	PF3D7_0832200
A0A143ZWV2	PF3D7_0833200
A0A143ZX23	PF3D7_0314100
A0A143ZX28	PF3D7_1002400
A0A143ZX45	PF3D7_0619000
A0A143ZX57	PF3D7_0911500
A0A143ZX62	PF3D7_1006300
A0A143ZX69	PF3D7_1327900
A0A143ZX72	PF3D7_1006100
A0A143ZXA3	PF3D7_0715400
A0A143ZXB3	PF3D7_1014000
A0A143ZXB4	PF3D7_0729600
A0A143ZXB9	PF3D7_0109950
A0A143ZXC4	PF3D7_0804700
A0A143ZXC7	PF3D7_0401600
A0A143ZXD1	PF3D7_1015700
A0A143ZXD4	PF3D7_0812200
A0A143ZXE1	PF3D7_0529400
A0A143ZXE3	PF3D7_0832400
A0A143ZXE4	PF3D7_1038000
A0A143ZXE7	PF3D7_1015200
A0A143ZXG1	PF3D7_0929700
A0A143ZXG5	PF3D7_1040600
A0A143ZXG9	PF3D7_1019500
A0A143ZXH0	PF3D7_1351800
A0A143ZXI1	PF3D7_0700400
A0A143ZXJ2	PF3D7_0706100
A0A143ZXK1	PF3D7_0718600
A0A143ZXL1	PF3D7_0732800
A0A143ZXM1	PF3D7_0806100
A0A143ZXM2	PF3D7_1021800
A0A143ZXP1	PF3D7_0832900
A0A143ZXR3	PF3D7_1110700
A0A143ZXT2	PF3D7_1027700
A0A143ZXT6	PF3D7_1031400
A0A143ZXW4	PF3D7_0221000
A0A143ZXY0	PF3D7_1013400
A0A143ZXY8	PF3D7_1117600
A0A143ZXZ7	PF3D7_0105400
A0A143ZY06	PF3D7_0314100
A0A143ZY16	PF3D7_0501100
A0A143ZY25	PF3D7_0621350
A0A143ZY29	PF3D7_1005500
A0A143ZY32	PF3D7_0202600
A0A143ZY34	PF3D7_0921000
A0A143ZY44	PF3D7_1330000
A0A143ZY51	PF3D7_1038700
A0A143ZY53	PF3D7_0700100
A0A143ZY63	PF3D7_1009600
A0A143ZY73	PF3D7_0716400
A0A143ZY93	PF3D7_0805600
A0A143ZYA4	PF3D7_0818600
A0A143ZYA5	PF3D7_1025900
A0A143ZYA8	PF3D7_1110100
A0A143ZYB5	PF3D7_0832500
A0A143ZYC1	PF3D7_1027900
A0A143ZYC4	PF3D7_1129500
A0A143ZYC7	PF3D7_0221700
A0A143ZYI9	PF3D7_1135500
A0A143ZYJ4	PF3D7_1034800
A0A143ZYK0	PF3D7_0217400
A0A143ZYK6	PF3D7_1114100
A0A143ZYL5	PF3D7_1036900
A0A143ZYQ2	PF3D7_1119200
A0A143ZYR7	PF3D7_1029100
A0A143ZYU5	PF3D7_1124200
A0A143ZYV4	PF3D7_1145600
A0A143ZYV5	PF3D7_1125200
A0A143ZYW1	PF3D7_1128900
A0A143ZYZ7	PF3D7_1037000
A0A143ZZ50	PF3D7_1015200
A0A143ZZ93	PF3D7_1001100
A0A143ZZC6	PF3D7_1111600
A0A143ZZD7	PF3D7_1036400
A0A143ZZE4	PF3D7_1126300
A0A143ZZF4	PF3D7_1206900
A0A143ZZG4	PF3D7_1207900
A0A143ZZG7	PF3D7_1146300
A0A143ZZH9	PF3D7_1144100
A0A143ZZK9	PF3D7_1211900
A0A143ZZL4	PF3D7_1205300
A0A143ZZN7	PF3D7_1106300
A0A143ZZN8	PF3D7_0618900
A0A143ZZP8	PF3D7_0908300
A0A143ZZR0	PF3D7_1217100
A0A143ZZR4	PF3D7_1036700
A0A143ZZR8	PF3D7_1372300
A0A143ZZS2	PF3D7_1019500
A0A143ZZT8	PF3D7_0715300
A0A143ZZU2	PF3D7_1021400
A0A143ZZU6	PF3D7_1112900
A0A143ZZW7	PF3D7_0812220
A0A143ZZX7	PF3D7_0832300
A0A143ZZY8	PF3D7_0833500
A0A143ZZY9	PF3D7_1104700
A0A144A024	PF3D7_1214500
A0A144A039	PF3D7_1031400
A0A144A041	PF3D7_1200610
A0A144A060	PF3D7_1202500
A0A144A0A3	PF3D7_1230000
A0A144A0B2	PF3D7_1038300
A0A144A0B3	PF3D7_1117200
A0A144A0B4	PF3D7_1231000
A0A144A0C0	PF3D7_1237600
A0A144A0F5	PF3D7_1149100
A0A144A0I2	PF3D7_1238000
A0A144A0J9	PF3D7_1202600
A0A144A0M2	PF3D7_1128000
A0A144A0N0	PF3D7_1243500
A0A144A0N6	PF3D7_1249200
A0A144A0S1	PF3D7_1247600
A0A144A0T0	PF3D7_1247000
A0A144A0T7	PF3D7_1254600
A0A144A0T9	PF3D7_1116900
A0A144A0U1	PF3D7_1249600
A0A144A0U7	PF3D7_1213900
A0A144A0V8	PF3D7_1249900
A0A144A0W6	PF3D7_1149300
A0A144A0W9	PF3D7_1402700
A0A144A0Z1	PF3D7_1404600
A0A144A0Z5	PF3D7_1247700
A0A144A0Z6	PF3D7_1202000
A0A144A102	PF3D7_1141200
A0A144A114	PF3D7_1204000
A0A144A118	PF3D7_1249700
A0A144A134	PF3D7_1206100
A0A144A137	PF3D7_1403400
A0A144A140	PF3D7_1251700
A0A144A153	PF3D7_1405900
A0A144A160	PF3D7_1238400
A0A144A1B2	PF3D7_1411600
A0A144A1B7	PF3D7_1411000
A0A144A1B9	PF3D7_1232500
A0A144A1C7	PF3D7_1233400
A0A144A1D9	PF3D7_1412900
A0A144A1E5	PF3D7_1247000
A0A144A1E8	PF3D7_1136700
A0A144A1E9	PF3D7_1248000
A0A144A1F0	PF3D7_1019300
A0A144A1F1	PF3D7_1217200
A0A144A1F3	PF3D7_1420500
A0A144A1F5	PF3D7_1415500
A0A144A1J3	PF3D7_1251000
A0A144A1K0	PF3D7_1240900
A0A144A1K5	PF3D7_1413600
A0A144A1Q0	PF3D7_1145900
A0A144A1R2	PF3D7_1427400
A0A144A1R4	PF3D7_1229900
A0A144A1U0	PF3D7_1221100
A0A144A1U3	PF3D7_1232800
A0A144A1V5	PF3D7_1202100
A0A144A1V6	PF3D7_1408300
A0A144A1X7	PF3D7_1037200
A0A144A207	PF3D7_1440600
A0A144A236	PF3D7_1404600
A0A144A297	PF3D7_1217300
A0A144A2C9	PF3D7_1220700
A0A144A2E6	PF3D7_1416000
A0A144A2H0	PF3D7_1454400
A0A144A2J0	PF3D7_1421400
A0A144A2M6	PF3D7_1229900
A0A144A2N6	PF3D7_1230900
A0A144A2N8	PF3D7_1461200
A0A144A2Q6	PF3D7_1467600
A0A144A2R0	PF3D7_1232900
A0A144A2R4	PF3D7_1455200
A0A144A2S8	PF3D7_1235900
A0A144A2U1	PF3D7_1467000
A0A144A2U7	PF3D7_1470600
A0A144A2V3	PF3D7_1131700
A0A144A322	PF3D7_1245500
A0A144A325	PF3D7_1477600
A0A144A372	PF3D7_1250500
A0A144A382	PF3D7_1251500
A0A144A3A5	PF3D7_1428800
A0A144A3C7	PF3D7_1147800
A0A144A3E5	PF3D7_1479900
A0A144A3E6	PF3D7_1432700
A0A144A3H3	PF3D7_1425300
A0A144A3H8	PF3D7_1435700
A0A144A3J8	PF3D7_1468400
A0A144A3K9	PF3D7_1438800
A0A144A3L0	PF3D7_1409700
A0A144A3U7	PF3D7_1446900
A0A144A3X6	PF3D7_1218100
A0A144A465	PF3D7_1449300
A0A144A488	PF3D7_1229800
A0A144A4C1	PF3D7_1232700
A0A144A4I8	PF3D7_1238700
A0A144A4N4	PF3D7_1477100
A0A144A4T0	PF3D7_1472200
A0A144A4T5	PF3D7_1248300
A0A144A4X8	PF3D7_1252500
A0A144A524	PF3D7_1460900
A0A144A544	PF3D7_1404600
A0A144A5C9	PF3D7_1471900
A0A144A5J7	PF3D7_1477200
A0A144A7A0	PF3D7_1475800
A0A146LZZ4	PF3D7_0420600
A0A146M009	PF3D7_0613000
A0A146M145	PF3D7_0906890
A0A146M158	PF3D7_1312450
A0A146M1M7	PF3D7_1371800
A0A146M1R1	PF3D7_0713600
A0A146M1S3	PF3D7_0727600
A0A146M1U1	PF3D7_0803600
A0A146M1X1	PF3D7_0810900
A0A146M1Y0	PF3D7_0832200
A0A146M1Z3	PF3D7_0833400
A0A146M427	PF3D7_0202900
A0A5K1K7U1	PF3D7_0518300
A0A5K1K7X4	PF3D7_0532100
A0A5K1K7Z9	PF3D7_0813000
A0A5K1K810	PF3D7_1302050
A0A5K1K826	PF3D7_1319400
A0A5K1K836	PF3D7_1322800
A0A5K1K846	PF3D7_0506400
A0A5K1K847	PF3D7_1326500
A0A5K1K859	PF3D7_1328500
A0A5K1K868	PF3D7_0518500
A0A5K1K870	PF3D7_0524400
A0A5K1K873	PF3D7_1331400
A0A5K1K885	PF3D7_1337000
A0A5K1K895	PF3D7_0615900
A0A5K1K898	PF3D7_1338600
A0A5K1K8A0	PF3D7_0828100
A0A5K1K8A8	PF3D7_1316500
A0A5K1K8A9	PF3D7_1340000
A0A5K1K8B7	PF3D7_1320400
A0A5K1K8C4	PF3D7_1343500
A0A5K1K8C6	PF3D7_0819200
A0A5K1K8C9	PF3D7_1325800
A0A5K1K8D5	PF3D7_1346200
A0A5K1K8E0	PF3D7_1327300
A0A5K1K8E3	PF3D7_1315400
A0A5K1K8E9	PF3D7_1348000
A0A5K1K8F0	PF3D7_1329800
A0A5K1K8F4	PF3D7_1319600
A0A5K1K8F9	PF3D7_1350300
A0A5K1K8G1	PF3D7_1333100
A0A5K1K8G8	PF3D7_1323800
A0A5K1K8H0	PF3D7_1337800
A0A5K1K8H4	PF3D7_1352000
A0A5K1K8H7	PF3D7_0512600
A0A5K1K8H8	PF3D7_0508600
A0A5K1K8I2	PF3D7_1339300
A0A5K1K8I4	PF3D7_1358600
A0A5K1K8J0	PF3D7_1340600
A0A5K1K8J1	PF3D7_1329500
A0A5K1K8J3	PF3D7_1361800
A0A5K1K8J8	PF3D7_1344900
A0A5K1K8J9	PF3D7_1331500
A0A5K1K8K0	PF3D7_0525500
A0A5K1K8K5	PF3D7_1363300
A0A5K1K8K6	PF3D7_0526900
A0A5K1K8K8	PF3D7_1346900
A0A5K1K8K9	PF3D7_1337300
A0A5K1K8L5	PF3D7_0520800
A0A5K1K8L6	PF3D7_1348800
A0A5K1K8M0	PF3D7_1338700
A0A5K1K8M1	PF3D7_0726050
A0A5K1K8M3	PF3D7_1369200
A0A5K1K8M5	PF3D7_1350800
A0A5K1K8M7	PF3D7_0808450
A0A5K1K8M9	PF3D7_1340100
A0A5K1K8N0	PF3D7_0913150
A0A5K1K8N5	PF3D7_0701600
A0A5K1K8N6	PF3D7_1357400
A0A5K1K8N8	PF3D7_0114750
A0A5K1K8P1	PF3D7_1344500
A0A5K1K8P4	PF3D7_0824700
A0A5K1K8P5	PF3D7_1360300
A0A5K1K8P9	PF3D7_1346500
A0A5K1K8Q0	PF3D7_1316700
A0A5K1K8Q1	PF3D7_1315900
A0A5K1K8Q3	PF3D7_0523600
A0A5K1K8Q4	PF3D7_1362400
A0A5K1K8Q7	PF3D7_1321000
A0A5K1K8Q9	PF3D7_1320000
A0A5K1K8R1	PF3D7_1317300
A0A5K1K8R2	PF3D7_0703400
A0A5K1K8R3	PF3D7_1363700
A0A5K1K8R6	PF3D7_1323900
A0A5K1K8R9	PF3D7_1322300
A0A5K1K8S0	PF3D7_0828000
A0A5K1K8S1	PF3D7_1366200
A0A5K1K8S2	PF3D7_1350500
A0A5K1K8S4	PF3D7_1327400
A0A5K1K8S6	PF3D7_1327000
A0A5K1K8S8	PF3D7_1326100
A0A5K1K8S9	PF3D7_1316400
A0A5K1K8T1	PF3D7_1352200
A0A5K1K8T3	PF3D7_1329900
A0A5K1K8T4	PF3D7_1329600
A0A5K1K8T6	PF3D7_1327700
A0A5K1K8T8	PF3D7_1320300
A0A5K1K8U0	PF3D7_1359600
A0A5K1K8U1	PF3D7_1333800
A0A5K1K8U2	PF3D7_1332200
A0A5K1K8U3	PF3D7_1330200
A0A5K1K8U7	PF3D7_1337900
A0A5K1K8U8	PF3D7_1325500
A0A5K1K8V1	PF3D7_1334100
A0A5K1K8V2	PF3D7_1337400
A0A5K1K8V5	PF3D7_1339400
A0A5K1K8V6	PF3D7_1327100
A0A5K1K8V8	PF3D7_1338200
A0A5K1K8V9	PF3D7_1338900
A0A5K1K8W0	PF3D7_1363400
A0A5K1K8W3	PF3D7_1341500
A0A5K1K8W4	PF3D7_1329700
A0A5K1K8W5	PF3D7_0513700
A0A5K1K8W6	PF3D7_1339600
A0A5K1K8W7	PF3D7_1340400
A0A5K1K8X0	PF3D7_1365000
A0A5K1K8X1	PF3D7_1345200
A0A5K1K8X2	PF3D7_1332400
A0A5K1K8X3	PF3D7_1342200
A0A5K1K8X4	PF3D7_1344700
A0A5K1K8X7	PF3D7_1369500
A0A5K1K8X8	PF3D7_0527900
A0A5K1K8X9	PF3D7_1347300
A0A5K1K8Y1	PF3D7_1345600
A0A5K1K8Y2	PF3D7_1475900
A0A5K1K8Y5	PF3D7_1346600
A0A5K1K8Y7	PF3D7_1348900
A0A5K1K8Y8	PF3D7_1347500
A0A5K1K8Y9	PF3D7_1339000
A0A5K1K8Z2	PF3D7_1348600
A0A5K1K8Z4	PF3D7_1350900
A0A5K1K8Z5	PF3D7_1349600
A0A5K1K8Z6	PF3D7_1340500
A0A5K1K8Z8	PF3D7_0809250
A0A5K1K900	PF3D7_1350600
A0A5K1K903	PF3D7_1357700
A0A5K1K904	PF3D7_1351300
A0A5K1K906	PF3D7_1233050
A0A5K1K907	PF3D7_1352400
A0A5K1K910	PF3D7_1344800
A0A5K1K911	PF3D7_1358100
A0A5K1K912	PF3D7_1360400
A0A5K1K916	PF3D7_1359900
A0A5K1K918	PF3D7_1361300
A0A5K1K919	PF3D7_1362500
A0A5K1K922	PF3D7_1362000
A0A5K1K923	PF3D7_1348700
A0A5K1K924	PF3D7_1362900
A0A5K1K925	PF3D7_0516200
A0A5K1K926	PF3D7_1363800
A0A5K1K928	PF3D7_1317400
A0A5K1K929	PF3D7_1363500
A0A5K1K930	PF3D7_1350700
A0A5K1K934	PF3D7_1322400
A0A5K1K935	PF3D7_1365300
A0A5K1K936	PF3D7_1355200
A0A5K1K937	PF3D7_1368500
A0A5K1K940	PF3D7_1326300
A0A5K1K941	PF3D7_0528000
A0A5K1K942	PF3D7_1369600
A0A5K1K943	PF3D7_1360000
A0A5K1K948	PF3D7_1362100
A0A5K1K950	PF3D7_1328000
A0A5K1K954	PF3D7_1363600
A0A5K1K956	PF3D7_0811500
A0A5K1K957	PF3D7_1330700
A0A5K1K958	PF3D7_MIT01400
A0A5K1K961	PF3D7_1365800
A0A5K1K962	PF3D7_1236650
A0A5K1K963	PF3D7_1334200
A0A5K1K965	PF3D7_1428400
A0A5K1K967	PF3D7_1338300
A0A5K1K969	PF3D7_1339700
A0A5K1K970	PF3D7_1319100
A0A5K1K972	PF3D7_1342300
A0A5K1K973	PF3D7_1322600
A0A5K1K976	PF3D7_1345800
A0A5K1K977	PF3D7_1326400
A0A5K1K981	PF3D7_1347800
A0A5K1K982	PF3D7_1328200
A0A5K1K984	PF3D7_1331200
A0A5K1K985	PF3D7_1349900
A0A5K1K987	PF3D7_1334700
A0A5K1K988	PF3D7_1351700
A0A5K1K989	PF3D7_1338500
A0A5K1K991	PF3D7_1358300
A0A5K1K993	PF3D7_1339900
A0A5K1K994	PF3D7_1361600
A0A5K1K996	PF3D7_1343300
A0A5K1K998	PF3D7_1363000
A0A5K1K999	PF3D7_1345900
A0A5K1K9A0	PF3D7_1364200
A0A5K1K9A2	PF3D7_1347900
A0A5K1K9A3	PF3D7_1350000
A0A5K1K9A4	PF3D7_1368900
A0A5K1K9A6	PF3D7_1351900
A0A5K1K9A9	PF3D7_1358400
A0A5K1K9B3	PF3D7_1361700
A0A5K1K9B5	PF3D7_1363100
A0A5K1K9B8	PF3D7_1364300
A0A5K1K9B9	PF3D7_1369100
A0A5K1K9E3	PF3D7_0509300
A0A5K1K9E4	PF3D7_0525600
A0A5K1K9E5	PF3D7_0801400
A0A5K1K9E6	PF3D7_0928150
A0A5K1K9E7	PF3D7_1316800
A0A5K1K9E9	PF3D7_1326000
A0A5K1K9F0	PF3D7_1327500
A0A5K1K9F1	PF3D7_1330100
A0A5K1K9F2	PF3D7_1333900
A0A5K1K9F3	PF3D7_1338100
A0A5K1K9F4	PF3D7_1339500
A0A5K1K9F5	PF3D7_1341700
A0A5K1K9F6	PF3D7_1345400
A0A5K1K9F7	PF3D7_1347400
A0A5K1K9F9	PF3D7_1351200
A0A5K1K9G0	PF3D7_1358000
A0A5K1K9G1	PF3D7_1360700
A0A5K1K9G2	PF3D7_1362600
A0A5K1K9G3	PF3D7_1364000
A0A5K1K9G4	PF3D7_1366400
A0A5K1K9G8	PF3D7_MIT02100
B3FEM7	PF3D7_1321600
B9ZSH6	PF3D7_0101000
B9ZSH7	PF3D7_0101300
B9ZSH8	PF3D7_0102600
B9ZSH9	PF3D7_0103000
B9ZSI0	PF3D7_0103300
B9ZSI1	PF3D7_0103500
B9ZSI2	PF3D7_0104600
B9ZSI3	PF3D7_0106000
B9ZSI4	PF3D7_0106200
B9ZSI5	PF3D7_0107200
B9ZSI6	PF3D7_0107700
B9ZSI7	PF3D7_0108400
B9ZSI8	PF3D7_0109850
B9ZSI9	PF3D7_0111400
B9ZSJ0	PF3D7_0111800
B9ZSJ1	PF3D7_0113200
B9ZSJ2	PF3D7_0114000
B9ZSJ3	PF3D7_0114100
C0H466	PF3D7_0301200
C0H467	PF3D7_0301400
C0H468	PF3D7_0301600
C0H469	PF3D7_0310300
C0H470	PF3D7_0313300
C0H471	PF3D7_0313700
C0H472	PF3D7_0313800
C0H473	PF3D7_0314000
C0H475	PF3D7_0314800
C0H477	PF3D7_0316300
C0H478	PF3D7_0317100
C0H479	PF3D7_0317900
C0H480	PF3D7_0320000
C0H481	PF3D7_0320200
C0H482	PF3D7_0321400
C0H483	PF3D7_0321900
C0H484	PF3D7_0322100
C0H485	PF3D7_0322400
C0H488	PF3D7_0403600
C0H489	PF3D7_0405100
C0H490	PF3D7_0406400
C0H492	PF3D7_0406700
C0H493	PF3D7_0406900
C0H494	PF3D7_0407100
C0H495	PF3D7_0424000
C0H496	PF3D7_0424200
C0H498	PF3D7_0407500
C0H499	PF3D7_0408400
C0H4A0	PF3D7_0409100
C0H4A1	PF3D7_0409500
C0H4A2	PF3D7_0414200
C0H4A3	PF3D7_0414300
C0H4A4	PF3D7_0414800
C0H4A5	PF3D7_0414900
C0H4A6	PF3D7_0415900
C0H4A7	PF3D7_0416400
C0H4A8	PF3D7_0416700
C0H4A9	PF3D7_0416900
C0H4B1	PF3D7_0417500
C0H4B2	PF3D7_0417700
C0H4B4	PF3D7_0418800
C0H4B5	PF3D7_0418900
C0H4B7	PF3D7_0420500
C0H4B8	PF3D7_0421700
C0H4B9	PF3D7_0422000
C0H4C0	PF3D7_0422800
C0H4C1	PF3D7_0502600
C0H4C2	PF3D7_0502700
C0H4C3	PF3D7_0503000
C0H4C5	PF3D7_0504900
C0H4C7	PF3D7_0505900
C0H4D0	PF3D7_0507400
C0H4D1	PF3D7_0507900
C0H4D2	PF3D7_0508200
C0H4D3	PF3D7_0510800
C0H4D5	PF3D7_0513100
C0H4D6	PF3D7_0513400
C0H4D8	PF3D7_0514000
C0H4D9	PF3D7_0514500
C0H4E0	PF3D7_0515400
C0H4E1	PF3D7_0516500
C0H4E2	PF3D7_0517100
C0H4E3	PF3D7_0517500
C0H4E4	PF3D7_0517800
C0H4E5	PF3D7_0517900
C0H4E6	PF3D7_0518000
C0H4E7	PF3D7_0518200
C0H4E9	PF3D7_0518800
C0H4F0	PF3D7_0519100
C0H4F1	PF3D7_0519700
C0H4F2	PF3D7_0520100
C0H4F3	PF3D7_0520600
C0H4F4	PF3D7_0521200
C0H4F5	PF3D7_0521600
C0H4F6	PF3D7_0521800
C0H4F7	PF3D7_0522300
C0H4F9	PF3D7_0522500
C0H4G0	PF3D7_0523500
C0H4G1	PF3D7_0523900
C0H4G2	PF3D7_0525900
C0H4G3	PF3D7_0526200
C0H4G4	PF3D7_0527600
C0H4G5	PF3D7_0528600
C0H4G6	PF3D7_0528900
C0H4G8	PF3D7_0530300
C0H4G9	PF3D7_0530500
C0H4H0	PF3D7_0530800
C0H4H1	PF3D7_0532600
C0H4H3	PF3D7_0611700
C0H4H4	PF3D7_0612400
C0H4H5	PF3D7_0614100
C0H4H6	PF3D7_0622600
C0H4H7	PF3D7_0628400
C0H4I0	PF3D7_0601000
C0H4I0	PF3D7_0631600
C0H4K0	PF3D7_0702000
C0H4K1	PF3D7_0702900
C0H4K5	PF3D7_0704500
C0H4K7	PF3D7_0705600
C0H4K8	PF3D7_0705700
C0H4L0	PF3D7_0705900
C0H4L1	PF3D7_0706000
C0H4L4	PF3D7_0706300
C0H4L5	PF3D7_0706400
C0H4L6	PF3D7_0706500
C0H4L7	PF3D7_0706600
C0H4L8	PF3D7_0706700
C0H4L9	PF3D7_0707200
C0H4M0	PF3D7_0707300
C0H4M1	PF3D7_0707400
C0H4M2	PF3D7_0708000
C0H4M3	PF3D7_0709600
C0H4M4	PF3D7_0709800
C0H4M5	PF3D7_0710300
C0H4M6	PF3D7_0711500
C0H4M7	PF3D7_0713700
C0H4M9	PF3D7_0716500
C0H4N1	PF3D7_0717100
C0H4N2	PF3D7_0717200
C0H4N3	PF3D7_0717300
C0H4N6	PF3D7_0718800
C0H4N7	PF3D7_0718900
C0H4N8	PF3D7_0719200
C0H4N9	PF3D7_0720500
C0H4P0	PF3D7_0721900
C0H4P1	PF3D7_0724000
C0H4P3	PF3D7_0726200
C0H4P5	PF3D7_0726800
C0H4P6	PF3D7_0727100
C0H4P8	PF3D7_0728500
C0H4P9	PF3D7_0728900
C0H4Q0	PF3D7_0729000
C0H4Q1	PF3D7_0729100
C0H4Q4	PF3D7_0731800
C0H4Q5	PF3D7_0732500
C0H4Q7	PF3D7_0732700
C0H4Q9	PF3D7_0802500
C0H4R1	PF3D7_0802600
C0H4R2	PF3D7_0802900
C0H4R3	PF3D7_0804600
C0H4R4	PF3D7_0805000
C0H4R5	PF3D7_0805400
C0H4R6	PF3D7_0805500
C0H4R8	PF3D7_0805700
C0H4S0	PF3D7_0806000
C0H4S1	PF3D7_0806200
C0H4S2	PF3D7_0806300
C0H4S3	PF3D7_0806600
C0H4S5	PF3D7_0807000
C0H4S6	PF3D7_0807200
C0H4S7	PF3D7_0807400
C0H4S8	PF3D7_0807600
C0H4S9	PF3D7_0808000
C0H4T0	PF3D7_0808100
C0H4T1	PF3D7_0808400
C0H4T2	PF3D7_0809500
C0H4T4	PF3D7_0809800
C0H4T5	PF3D7_0810100
C0H4T6	PF3D7_0810300
C0H4T7	PF3D7_0810400
C0H4T9	PF3D7_0811300
C0H4U0	PF3D7_0811400
C0H4U1	PF3D7_0811900
C0H4U3	PF3D7_0812800
C0H4U4	PF3D7_0813300
C0H4U5	PF3D7_0813400
C0H4U6	PF3D7_0814100
C0H4U7	PF3D7_0815700
C0H4U8	PF3D7_0816300
C0H4U9	PF3D7_0816400
C0H4V0	PF3D7_0816700
C0H4V1	PF3D7_0817000
C0H4V2	PF3D7_0817100
C0H4V3	PF3D7_0817400
C0H4V4	PF3D7_0817700
C0H4V5	PF3D7_0818000
C0H4V6	PF3D7_0818200
C0H4V7	PF3D7_0818400
C0H4V8	PF3D7_0818700
C0H4V9	PF3D7_0819300
C0H4W0	PF3D7_0819500
C0H4W1	PF3D7_0819700
C0H4W2	PF3D7_0819900
C0H4W3	PF3D7_0820000
C0H4W4	PF3D7_0820100
C0H4W5	PF3D7_0821100
C0H4W6	PF3D7_0821800
C0H4W7	PF3D7_0821900
C0H4W8	PF3D7_0822200
C0H4W9	PF3D7_0822400
C0H4X0	PF3D7_0822700
C0H4X1	PF3D7_0822800
C0H4X2	PF3D7_0823100
C0H4X3	PF3D7_0823400
C0H4X4	PF3D7_0824200
C0H4X5	PF3D7_0824600
C0H4X7	PF3D7_0825000
C0H4X8	PF3D7_0825400
C0H4X9	PF3D7_0825800
C0H4Y0	PF3D7_0826500
C0H4Y1	PF3D7_0826900
C0H4Y4	PF3D7_0801700
C0H4Y5	PF3D7_0827500
C0H4Y6	PF3D7_0827900
C0H4Y8	PF3D7_0829100
C0H4Y9	PF3D7_0829300
C0H4Z0	PF3D7_0829400
C0H4Z1	PF3D7_0829500
C0H4Z2	PF3D7_0829600
C0H4Z4	PF3D7_0831100
C0H4Z5	PF3D7_0831200
C0H4Z6	PF3D7_0831300
C0H4Z7	PF3D7_0831400
C0H511	PF3D7_0901700
C0H512	PF3D7_0901800
C0H513	PF3D7_0902000
C0H514	PF3D7_0902200
C0H515	PF3D7_0902400
C0H516	PF3D7_0903200
C0H518	PF3D7_0904300
C0H519	PF3D7_0905700
C0H520	PF3D7_0906000
C0H521	PF3D7_0906700
C0H522	PF3D7_0906800
C0H523	PF3D7_0907000
C0H524	PF3D7_0908000
C0H525	PF3D7_0908100
C0H526	PF3D7_0908300
C0H527	PF3D7_0908500
C0H528	PF3D7_0909100
C0H529	PF3D7_0909800
C0H530	PF3D7_0910100
C0H531	PF3D7_0910900
C0H532	PF3D7_0911000
C0H533	PF3D7_0911500
C0H534	PF3D7_0911600
C0H535	PF3D7_0912500
C0H536	PF3D7_0914100
C0H537	PF3D7_0914300
C0H539	PF3D7_0916400
C0H540	PF3D7_0916500
C0H541	PF3D7_0916800
C0H542	PF3D7_0918100
C0H543	PF3D7_0918200
C0H544	PF3D7_0918400
C0H545	PF3D7_0920000
C0H546	PF3D7_0920100
C0H547	PF3D7_0921100
C0H548	PF3D7_0921200
C0H549	PF3D7_0921800
C0H550	PF3D7_0922300
C0H551	PF3D7_0922600
C0H553	PF3D7_0923200
C0H554	PF3D7_0923700
C0H556	PF3D7_0924300
C0H557	PF3D7_0924500
C0H558	PF3D7_0924800
C0H560	PF3D7_0925000
C0H561	PF3D7_0925500
C0H562	PF3D7_0926200
C0H563	PF3D7_0926300
C0H564	PF3D7_0926400
C0H565	PF3D7_0926600
C0H566	PF3D7_0927200
C0H567	PF3D7_0927400
C0H568	PF3D7_0927500
C0H569	PF3D7_0928300
C0H570	PF3D7_0929200
C0H571	PF3D7_0929400
C0H572	PF3D7_0929500
C0H573	PF3D7_0929800
C0H574	PF3D7_0929900
C0H575	PF3D7_0930100
C0H576	PF3D7_0930200
C0H578	PF3D7_0930900
C0H579	PF3D7_0931400
C0H580	PF3D7_0931500
C0H581	PF3D7_0931700
C0H582	PF3D7_0931900
C0H583	PF3D7_0932000
C0H584	PF3D7_0932100
C0H585	PF3D7_0933100
C0H586	PF3D7_0933200
C0H587	PF3D7_0933300
C0H588	PF3D7_0933400
C0H589	PF3D7_0933700
C0H590	PF3D7_0935100
C0H591	PF3D7_0935500
C0H593	PF3D7_0937000
C0H595	PF3D7_1302300
C0H596	PF3D7_1302400
C0H597	PF3D7_1303900
C0H598	PF3D7_1304000
C0H599	PF3D7_1304200
C0H5A1	PF3D7_1306100
C0H5A2	PF3D7_1306300
C0H5A4	PF3D7_1306900
C0H5A5	PF3D7_1308000
C0H5A7	PF3D7_1308600
C0H5A8	PF3D7_1308800
C0H5A9	PF3D7_1310200
C0H5B0	PF3D7_1312500
C0H5B1	PF3D7_1312900
C0H5B2	PF3D7_1313300
C0H5B4	PF3D7_1313900
C0H5B5	PF3D7_1315200
C0H5B7	PF3D7_1315600
C0H5B8	PF3D7_1316000
C0H5B9	PF3D7_1316300
C0H5C0	PF3D7_1316900
C0H5C1	PF3D7_1317600
C0H5C2	PF3D7_1317800
C0H5C3	PF3D7_1318500
C0H5C4	PF3D7_1318600
C0H5C6	PF3D7_1320500
C0H5C7	PF3D7_1320900
C0H5D1	PF3D7_1322700
C0H5D2	PF3D7_1322900
C0H5D3	PF3D7_1324700
C0H5D4	PF3D7_1325300
C0H5D5	PF3D7_1325700
C0H5E0	PF3D7_1326700
C0H5E1	PF3D7_1326800
C0H5E2	PF3D7_1326900
C0H5E6	PF3D7_1328400
C0H5E7	PF3D7_1328600
C0H5E9	PF3D7_1330300
C0H5F0	PF3D7_1331100
C0H5F1	PF3D7_1331600
C0H5F3	PF3D7_1334600
C0H5F5	PF3D7_1335500
C0H5F6	PF3D7_1336100
C0H5F8	PF3D7_1338000
C0H5G0	PF3D7_1338800
C0H5G1	PF3D7_1340200
C0H5G2	PF3D7_1340700
C0H5G3	PF3D7_1341300
C0H5G7	PF3D7_1343900
C0H5G8	PF3D7_1344000
C0H5G9	PF3D7_1344100
C0H5H0	PF3D7_1344200
C0H5H1	PF3D7_1344300
C0H5H2	PF3D7_1345000
C0H5H3	PF3D7_1345300
C0H5H7	PF3D7_1347600
C0H5H8	PF3D7_1349000
C0H5H9	PF3D7_1350400
C0H5I3	PF3D7_1352600
C0H5I4	PF3D7_1354600
C0H5I5	PF3D7_1355800
C0H5I6	PF3D7_1357600
C0H5I7	PF3D7_1357800
C0H5I8	PF3D7_1358200
C0H5I9	PF3D7_1358900
C0H5J1	PF3D7_1359500
C0H5J5	PF3D7_1360900
C0H5J6	PF3D7_1361100
C0H5J8	PF3D7_1361500
C0H5K2	PF3D7_1362700
C0H5K3	PF3D7_1362800
C0H5K6	PF3D7_1365200
C0H5K7	PF3D7_1366100
C0H5K9	PF3D7_1366800
C0H5L0	PF3D7_1367200
C0H5L1	PF3D7_1367900
C0H5L2	PF3D7_1368000
C0H5L3	PF3D7_1368300
C0H5L4	PF3D7_1369000
C0H5L8	PF3D7_1369700
C0H5L9	PF3D7_1370300
C0H5M5	PF3D7_1371500
C0H5M6	PF3D7_1371900
C0H5M7	PF3D7_1372000
C0H5M8	PF3D7_1372100
C0H5M9	PF3D7_1372200
C0H5N0	PF3D7_1372400
C0H5N2	PF3D7_1372600
C0H5N3	PF3D7_1372700
C0H5N4	PF3D7_1372800
C0H5N5	PF3D7_1373000
C0H5N6	PF3D7_1373100
C0H5N8	PF3D7_1373300
C0H5N9	PF3D7_1373400
C6KSK9	PF3D7_0600300
C6KSL0	PF3D7_0600400
C6KSL1	PF3D7_0600500
C6KSL2	PF3D7_0600700
C6KSL4	PF3D7_0601100
C6KSL5	PF3D7_0601200
C6KSL7	PF3D7_0601500
C6KSL8	PF3D7_0601600
C6KSL9	PF3D7_0601900
C6KSM0	PF3D7_0602000
C6KSM1	PF3D7_0602100
C6KSM2	PF3D7_0602200
C6KSM3	PF3D7_0602300
C6KSM4	PF3D7_0602400
C6KSM5	PF3D7_0602500
C6KSM6	PF3D7_0602600
C6KSM7	PF3D7_0602700
C6KSM8	PF3D7_0602800
C6KSM9	PF3D7_0602900
C6KSN0	PF3D7_0603000
C6KSN1	PF3D7_0603100
C6KSN2	PF3D7_0603200
C6KSN3	PF3D7_0603500
C6KSN4	PF3D7_0603600
C6KSN5	PF3D7_0603700
C6KSN6	PF3D7_0603800
C6KSN7	PF3D7_0603900
C6KSN8	PF3D7_0604000
C6KSN9	PF3D7_0604100
C6KSP0	PF3D7_0604200
C6KSP1	PF3D7_0604300
C6KSP2	PF3D7_0604400
C6KSP4	PF3D7_0604600
C6KSP5	PF3D7_0604700
C6KSP6	PF3D7_0604800
C6KSP7	PF3D7_0604900
C6KSP8	PF3D7_0605000
C6KSP9	PF3D7_0605100
C6KSQ0	PF3D7_0605200
C6KSQ1	PF3D7_0605300
C6KSQ2	PF3D7_0605400
C6KSQ3	PF3D7_0605500
C6KSQ4	PF3D7_0605600
C6KSQ5	PF3D7_0605700
C6KSQ6	PF3D7_0605800
C6KSQ7	PF3D7_0605900
C6KSQ8	PF3D7_0606000
C6KSQ9	PF3D7_0606100
C6KSR0	PF3D7_0606200
C6KSR1	PF3D7_0606300
C6KSR2	PF3D7_0606400
C6KSR3	PF3D7_0606500
C6KSR4	PF3D7_0606600
C6KSR5	PF3D7_0606700
C6KSR6	PF3D7_0606800
C6KSR7	PF3D7_0606900
C6KSR8	PF3D7_0607000
C6KSR9	PF3D7_0607100
C6KSS0	PF3D7_0607200
C6KSS1	PF3D7_0607300
C6KSS2	PF3D7_0607400
C6KSS3	PF3D7_0607500
C6KSS4	PF3D7_0607600
C6KSS6	PF3D7_0607800
C6KSS7	PF3D7_0607900
C6KSS8	PF3D7_0608000
C6KSS9	PF3D7_0608100
C6KST0	PF3D7_0608200
C6KST1	PF3D7_0608300
C6KST2	PF3D7_0608400
C6KST3	PF3D7_0608500
C6KST4	PF3D7_0608600
C6KST5	PF3D7_0608700
C6KST6	PF3D7_0608900
C6KST8	PF3D7_0609100
C6KST9	PF3D7_0609200
C6KSU0	PF3D7_0609300
C6KSU1	PF3D7_0609400
C6KSU2	PF3D7_0609500
C6KSU3	PF3D7_0609600
C6KSU4	PF3D7_0609700
C6KSU5	PF3D7_0609800
C6KSU6	PF3D7_0609900
C6KSU7	PF3D7_0610000
C6KSU8	PF3D7_0610100
C6KSU9	PF3D7_0610200
C6KSV0	PF3D7_0610400
C6KSV1	PF3D7_0610500
C6KSV2	PF3D7_0610700
C6KSV3	PF3D7_0610800
C6KSV4	PF3D7_0610900
C6KSV5	PF3D7_0611000
C6KSV6	PF3D7_0611100
C6KSV7	PF3D7_0611200
C6KSV8	PF3D7_0611300
C6KSV9	PF3D7_0611400
C6KSW0	PF3D7_0611500
C6KSW1	PF3D7_0611600
C6KSW3	PF3D7_0611900
C6KSW4	PF3D7_0612000
C6KSW5	PF3D7_0612100
C6KSW6	PF3D7_0612200
C6KSW7	PF3D7_0612300
C6KSW8	PF3D7_0612500
C6KSW9	PF3D7_0612600
C6KSX0	PF3D7_0612700
C6KSX1	PF3D7_0612800
C6KSX2	PF3D7_0612900
C6KSX3	PF3D7_0613000
C6KSX4	PF3D7_0613100
C6KSX5	PF3D7_0613200
C6KSX6	PF3D7_0613300
C6KSX7	PF3D7_0613500
C6KSX8	PF3D7_0613600
C6KSX9	PF3D7_0613700
C6KSY1	PF3D7_0613900
C6KSY2	PF3D7_0614000
C6KSY3	PF3D7_0614200
C6KSY4	PF3D7_0614300
C6KSY5	PF3D7_0614400
C6KSY6	PF3D7_0614500
C6KSY7	PF3D7_0614600
C6KSY8	PF3D7_0614700
C6KSY9	PF3D7_0614800
C6KSZ0	PF3D7_0614900
C6KSZ1	PF3D7_0615000
C6KSZ2	PF3D7_0615100
C6KSZ3	PF3D7_0615200
C6KSZ4	PF3D7_0615300
C6KSZ6	PF3D7_0615500
C6KSZ7	PF3D7_0615600
C6KSZ8	PF3D7_0615700
C6KSZ9	PF3D7_0615800
C6KT01	PF3D7_0616000
C6KT02	PF3D7_0616100
C6KT03	PF3D7_0616200
C6KT04	PF3D7_0616300
C6KT05	PF3D7_0616400
C6KT06	PF3D7_0616500
C6KT07	PF3D7_0616600
C6KT08	PF3D7_0616700
C6KT09	PF3D7_0616800
C6KT10	PF3D7_0616900
C6KT11	PF3D7_0617000
C6KT12	PF3D7_0617100
C6KT13	PF3D7_0617200
C6KT14	PF3D7_0617300
C6KT15	PF3D7_0617400
C6KT16	PF3D7_0617600
C6KT17	PF3D7_0617700
C6KT18	PF3D7_0617800
C6KT19	PF3D7_0617900
C6KT20	PF3D7_0618000
C6KT21	PF3D7_0618100
C6KT22	PF3D7_0618200
C6KT23	PF3D7_0618300
C6KT24	PF3D7_0618400
C6KT25	PF3D7_0618500
C6KT26	PF3D7_0618600
C6KT27	PF3D7_0618700
C6KT28	PF3D7_0618800
C6KT29	PF3D7_0618900
C6KT30	PF3D7_0619000
C6KT31	PF3D7_0619100
C6KT32	PF3D7_0619200
C6KT34	PF3D7_0619400
C6KT35	PF3D7_0619500
C6KT36	PF3D7_0619600
C6KT37	PF3D7_0619700
C6KT38	PF3D7_0619800
C6KT39	PF3D7_0619900
C6KT40	PF3D7_0620000
C6KT41	PF3D7_0620100
C6KT42	PF3D7_0620200
C6KT43	PF3D7_0620300
C6KT44	PF3D7_0620400
C6KT45	PF3D7_0620500
C6KT46	PF3D7_0620600
C6KT47	PF3D7_0620700
C6KT48	PF3D7_0621000
C6KT49	PF3D7_0621100
C6KT50	PF3D7_0621200
C6KT51	PF3D7_0621300
C6KT52	PF3D7_0621400
C6KT53	PF3D7_0621500
C6KT54	PF3D7_0621700
C6KT55	PF3D7_0621800
C6KT56	PF3D7_0621900
C6KT57	PF3D7_0622000
C6KT58	PF3D7_0622100
C6KT59	PF3D7_0622200
C6KT60	PF3D7_0622300
C6KT61	PF3D7_0622400
C6KT62	PF3D7_0622500
C6KT63	PF3D7_0622700
C6KT64	PF3D7_0622800
C6KT65	PF3D7_0622900
C6KT66	PF3D7_0623000
C6KT67	PF3D7_0623100
C6KT68	PF3D7_0623200
C6KT69	PF3D7_0623300
C6KT70	PF3D7_0623400
C6KT71	PF3D7_0623500
C6KT72	PF3D7_0623600
C6KT73	PF3D7_0623700
C6KT74	PF3D7_0623800
C6KT75	PF3D7_0623900
C6KT76	PF3D7_0624000
C6KT77	PF3D7_0624100
C6KT78	PF3D7_0624200
C6KT79	PF3D7_0624300
C6KT80	PF3D7_0624400
C6KT81	PF3D7_0624500
C6KT83	PF3D7_0624700
C6KT84	PF3D7_0624800
C6KT85	PF3D7_0624900
C6KT86	PF3D7_0625000
C6KT87	PF3D7_0625100
C6KT88	PF3D7_0625200
C6KT89	PF3D7_0625300
C6KT90	PF3D7_0625400
C6KT91	PF3D7_0625500
C6KT92	PF3D7_0625600
C6KT93	PF3D7_0625700
C6KT94	PF3D7_0625800
C6KT95	PF3D7_0625900
C6KT96	PF3D7_0626000
C6KT97	PF3D7_0626100
C6KT98	PF3D7_0626200
C6KT99	PF3D7_0626300
C6KTA0	PF3D7_0626400
C6KTA1	PF3D7_0626500
C6KTA2	PF3D7_0626600
C6KTA3	PF3D7_0626700
C6KTA4	PF3D7_0626800
C6KTA5	PF3D7_0626900
C6KTA6	PF3D7_0627000
C6KTA7	PF3D7_0627100
C6KTA8	PF3D7_0627200
C6KTA9	PF3D7_0627300
C6KTB0	PF3D7_0627400
C6KTB1	PF3D7_0627500
C6KTB2	PF3D7_0627600
C6KTB3	PF3D7_0627700
C6KTB4	PF3D7_0627800
C6KTB5	PF3D7_0627900
C6KTB6	PF3D7_0628000
C6KTB9	PF3D7_0628300
C6KTC0	PF3D7_0628500
C6KTC1	PF3D7_0628600
C6KTC2	PF3D7_0628700
C6KTC3	PF3D7_0628800
C6KTC4	PF3D7_0628900
C6KTC5	PF3D7_0629000
C6KTC6	PF3D7_0629100
C6KTC7	PF3D7_0629200
C6KTC8	PF3D7_0629300
C6KTC9	PF3D7_0629400
C6KTD0	PF3D7_0629500
C6KTD1	PF3D7_0629600
C6KTD3	PF3D7_0629800
C6KTD4	PF3D7_0629900
C6KTD5	PF3D7_0630000
C6KTD6	PF3D7_0630100
C6KTD7	PF3D7_0630200
C6KTD9	PF3D7_0630400
C6KTE0	PF3D7_0630500
C6KTE1	PF3D7_0630600
C6KTE2	PF3D7_0630700
C6KTE3	PF3D7_0630800
C6KTE4	PF3D7_0630900
C6KTE5	PF3D7_0631000
C6KTE6	PF3D7_0631100
C6KTE8	PF3D7_0631400
C6KTE9	PF3D7_0631500
C6KTF0	PF3D7_0631800
C6KTF1	PF3D7_0631900
C6KTF2	PF3D7_0632000
C6KTF3	PF3D7_0632100
C6KTF4	PF3D7_0632200
C6KTF5	PF3D7_0632300
C6KTF6	PF3D7_0632400
C6KTF8	PF3D7_0632700
C6KTF9	PF3D7_0632800
C6S3A7	PF3D7_0202800
C6S3A8	PF3D7_0203200
C6S3A9	PF3D7_0204400
C6S3B0	PF3D7_0205100
C6S3B1	PF3D7_0205800
C6S3B2	PF3D7_0206900
C6S3B4	PF3D7_0209400
C6S3B5	PF3D7_0210400
C6S3B6	PF3D7_0213300
C6S3B7	PF3D7_0216100
C6S3B8	PF3D7_0218200
C6S3C0	PF3D7_1003100
C6S3C1	PF3D7_1005200
C6S3C2	PF3D7_1005600
C6S3C4	PF3D7_1007100
C6S3C5	PF3D7_1007500
C6S3C6	PF3D7_1015700
C6S3C7	PF3D7_1016600
C6S3C8	PF3D7_1017300
C6S3C9	PF3D7_1018200
C6S3D0	PF3D7_1018300
C6S3D1	PF3D7_1018500
C6S3D2	PF3D7_1020100
C6S3D3	PF3D7_1022100
C6S3D4	PF3D7_1025200
C6S3D5	PF3D7_1025800
C6S3D6	PF3D7_1026500
C6S3D7	PF3D7_1026900
C6S3D8	PF3D7_1027600
C6S3D9	PF3D7_1031900
C6S3E0	PF3D7_1032200
C6S3E1	PF3D7_1032800
C6S3E2	PF3D7_1034100
C6S3E3	PF3D7_1037900
C6S3E4	PF3D7_1038200
C6S3E6	PF3D7_1108300
C6S3E7	PF3D7_1109200
C6S3E8	PF3D7_1110000
C6S3E9	PF3D7_1110800
C6S3F0	PF3D7_1111500
C6S3F1	PF3D7_1115100
C6S3F2	PF3D7_1116100
C6S3F6	PF3D7_1135700
C6S3F9	PF3D7_1137800
C6S3G0	PF3D7_1138300
C6S3G2	PF3D7_1143000
C6S3G4	PF3D7_1144300
C6S3G5	PF3D7_1145300
C6S3G6	PF3D7_1146900
C6S3G7	PF3D7_1147100
C6S3G8	PF3D7_1147400
C6S3G9	PF3D7_1125600
C6S3H1	PF3D7_1402900
C6S3H2	PF3D7_1403100
C6S3H3	PF3D7_1403200
C6S3H4	PF3D7_1403500
C6S3H5	PF3D7_1413300
C6S3H6	PF3D7_1416700
C6S3H7	PF3D7_1417900
C6S3H8	PF3D7_1418900
C6S3H9	PF3D7_1422000
C6S3I0	PF3D7_1422300
C6S3I1	PF3D7_1426300
C6S3I2	PF3D7_1426400
C6S3I3	PF3D7_1427700
C6S3I4	PF3D7_1433000
C6S3I5	PF3D7_1436400
C6S3I6	PF3D7_1442100
C6S3I7	PF3D7_1444600
C6S3I8	PF3D7_1447400
C6S3I9	PF3D7_1447600
C6S3J0	PF3D7_1448900
C6S3J1	PF3D7_1449200
C6S3J2	PF3D7_1450200
C6S3J3	PF3D7_1452900
C6S3J4	PF3D7_1453300
C6S3J5	PF3D7_1455900
C6S3J6	PF3D7_1460300
C6S3J7	PF3D7_1461500
C6S3J8	PF3D7_1461700
C6S3J9	PF3D7_1463600
C6S3K0	PF3D7_1464800
C6S3K1	PF3D7_1466500
C6S3K2	PF3D7_1470000
C6S3K4	PF3D7_1214300
C6S3K5	PF3D7_1212600
C6S3K6	PF3D7_1215500
C6S3K7	PF3D7_1219800
C6S3K8	PF3D7_1229700
C6S3K9	PF3D7_1231700
C6S3L2	PF3D7_1243200
K7NTP5	PF3D7_0831700
O00806	PF3D7_0309600
O15770	PF3D7_1419800
O77306	PF3D7_0302100
O77308	PF3D7_0302600
O77309	PF3D7_0302200
O77310	PF3D7_0302500
O77312	PF3D7_0302900
O77313	PF3D7_0303000
O77314	PF3D7_0303100
O77315	PF3D7_0303300
O77316	PF3D7_0302800
O77317	PF3D7_0303200
O77318	PF3D7_0307800
O77321	PF3D7_0308000
O77322	PF3D7_0308100
O77323	PF3D7_0308200
O77324	PF3D7_0308300
O77325	PF3D7_0308600
O77326	PF3D7_0308700
O77327	PF3D7_0308900
O77328	PF3D7_0309200
O77329	PF3D7_0309300
O77330	PF3D7_0309500
O77331	PF3D7_0309700
O77332	PF3D7_0309900
O77334	PF3D7_0309000
O77334	Pf7G8-2_000078400
O77334	Pf7G8_030014800
O77334	PfCD01_030014400
O77334	PfDd2_030014000
O77334	PfGA01_030015600
O77334	PfGB4_030014600
O77334	PfGN01_030014600
O77334	PfHB3_030012800
O77334	PfIT_030013800
O77334	PfKE01_030013400
O77334	PfKH01_030013900
O77334	PfKH02_030014500
O77334	PfML01_030014000
O77334	PfNF135_030014000
O77334	PfNF166_030012300
O77334	PfNF54_030014000
O77334	PfSD01_030014100
O77334	PfSN01_030014700
O77334	PfTG01_030015400
O77335	PF3D7_0309800
O77337	PF3D7_0313600
O77338	PF3D7_0313500
O77339	PF3D7_0313400
O77340	PF3D7_0313200
O77341	PF3D7_0313100
O77342	PF3D7_0312900
O77343	PF3D7_0312500
O77344	PF3D7_0312400
O77345	PF3D7_0312300
O77346	PF3D7_0312200
O77347	PF3D7_0312100
O77348	PF3D7_0311900
O77349	PF3D7_0311800
O77350	PF3D7_0311700
O77351	PF3D7_0311600
O77353	PF3D7_0311300
O77354	PF3D7_0311200
O77355	PF3D7_0311100
O77356	PF3D7_0311000
O77357	PF3D7_0310900
O77358	PF3D7_0310700
O77359	PF3D7_0310800
O77360	PF3D7_0310500
O77361	PF3D7_0310400
O77363	PF3D7_0313000
O77364	PF3D7_0312800
O77365	PF3D7_0311400
O77366	PF3D7_0319200
O77367	PF3D7_0319100
O77368	PF3D7_0319000
O77369	PF3D7_0318900
O77370	PF3D7_0318800
O77371	PF3D7_0318600
O77373	PF3D7_0318400
O77374	PF3D7_0318300
O77375	PF3D7_0318200
O77376	PF3D7_0318100
O77378	PF3D7_0318000
O77379	PF3D7_0317800
O77381	PF3D7_0317600
O77382	PF3D7_0317500
O77383	PF3D7_0317400
O77385	PF3D7_0317200
O77387	PF3D7_0316900
O77388	PF3D7_0316700
O77389	PF3D7_0316600
O77390	PF3D7_0316500
O77391	PF3D7_0316400
O77392	PF3D7_0316300
O77393	PF3D7_0316200
O77394	PF3D7_0316000
O77395	PF3D7_0316800
O77396	PF3D7_0317000
O77397	PF3D7_0319300
O96108	PF3D7_0200100
O96109	PF3D7_0200200
O96110	PF3D7_0200300
O96111	PF3D7_0200400
O96112	PF3D7_0200500
O96113	PF3D7_0200600
O96114	PF3D7_0200700
O96116	PF3D7_0201000
O96117	PF3D7_0201200
O96118	PF3D7_0201300
O96119	PF3D7_0201400
O96120	PF3D7_0201500
O96121	PF3D7_0201600
O96122	PF3D7_0201700
O96123	PF3D7_0201800
O96124	PF3D7_0201900
O96125	PF3D7_0202100
O96126	PF3D7_0202300
O96127	PF3D7_0202400
O96128	PF3D7_0202500
O96129	PF3D7_0202600
O96130	PF3D7_0202700
O96133	PF3D7_0203000
O96134	PF3D7_0203100
O96136	PF3D7_0203300
O96137	PF3D7_0203600
O96139	PF3D7_0203900
O96140	PF3D7_0204000
O96141	PF3D7_0204300
O96142	PF3D7_0204500
O96143	PF3D7_0204600
O96144	PF3D7_0204800
O96145	PF3D7_0204900
O96146	PF3D7_0205000
O96147	PF3D7_0205200
O96148	PF3D7_0205300
O96149	PF3D7_0205400
O96150	PF3D7_0205500
O96151	PF3D7_0205600
O96152	PF3D7_0205700
O96153	PF3D7_0205900
O96154	PF3D7_0206000
O96155	PF3D7_0206100
O96156	PF3D7_0206200
O96158	PF3D7_0206500
O96159	PF3D7_0206600
O96160	PF3D7_0207100
O96161	PF3D7_0207200
O96163	PF3D7_0207400
O96164	PF3D7_0207700
O96165	PF3D7_0207800
O96166	PF3D7_0207900
O96167	PF3D7_0208000
O96168	PF3D7_0208100
O96169	PF3D7_0208200
O96170	PF3D7_0208300
O96171	PF3D7_0208400
O96173	PF3D7_0208600
O96174	PF3D7_0208800
O96175	PF3D7_0208900
O96176	PF3D7_0209100
O96177	PF3D7_0209200
O96179	PF3D7_0209500
O96181	PF3D7_0209600
O96182	PF3D7_0209700
O96183	PF3D7_0210000
O96184	PF3D7_0210100
O96185	PF3D7_0210200
O96186	PF3D7_0210300
O96187	PF3D7_0210500
O96188	PF3D7_0210600
O96189	PF3D7_0210700
O96190	PF3D7_0210800
O96191	PF3D7_0210900
O96192	PF3D7_0211100
O96193	PF3D7_0211200
O96195	PF3D7_0211500
O96196	PF3D7_0211600
O96197	PF3D7_0211700
O96198	PF3D7_0211800
O96199	PF3D7_0211900
O96200	PF3D7_0212000
O96201	PF3D7_0212100
O96202	PF3D7_0212200
O96203	PF3D7_0212300
O96207	PF3D7_0212600
O96208	PF3D7_0212700
O96209	PF3D7_0212800
O96210	PF3D7_0212900
O96211	PF3D7_0213000
O96212	PF3D7_0213100
O96213	PF3D7_0213200
O96215	PF3D7_0213500
O96217	PF3D7_0213700
O96218	PF3D7_0213800
O96219	PF3D7_0213900
O96220	PF3D7_0214000
O96221	PF3D7_0214100
O96222	PF3D7_0214200
O96223	PF3D7_0214300
O96224	PF3D7_0214400
O96225	PF3D7_0214500
O96226	PF3D7_0214600
O96227	PF3D7_0214700
O96228	PF3D7_0214800
O96229	PF3D7_0214900
O96230	PF3D7_0215000
O96231	PF3D7_0215200
O96232	PF3D7_0215300
O96233	PF3D7_0215400
O96234	PF3D7_0215500
O96235	PF3D7_0215600
O96236	PF3D7_0215700
O96237	PF3D7_0215800
O96238	PF3D7_0215900
O96239	PF3D7_0216000
O96240	PF3D7_0216200
O96243	PF3D7_0216400
O96244	PF3D7_0216500
O96245	PF3D7_0216600
O96246	PF3D7_0216800
O96248	PF3D7_0216900
O96251	PF3D7_0217000
O96252	PF3D7_0217100
O96253	PF3D7_0217200
O96254	PF3D7_0217300
O96256	PF3D7_0217600
O96258	PF3D7_0217800
O96259	PF3D7_0217900
O96260	PF3D7_0218000
O96261	PF3D7_0218100
O96263	PF3D7_0218300
O96264	PF3D7_0218400
O96265	PF3D7_0218500
O96266	PF3D7_0218600
O96267	PF3D7_0218700
O96268	PF3D7_0219100
O96269	PF3D7_0219200
O96270	PF3D7_0219500
O96271	PF3D7_0219600
O96272	PF3D7_0219700
O96273	PF3D7_0219800
O96274	PF3D7_0219900
O96275	PF3D7_0220000
O96276	PF3D7_0220100
O96278	PF3D7_0220600
O96279	PF3D7_0220800
O96283	PF3D7_0221400
O96287	PF3D7_0222100
O96288	PF3D7_0222500
O96289	PF3D7_0222600
O96290	PF3D7_0222700
O96291	PF3D7_0222800
O96292	PF3D7_0223100
O96293	PF3D7_0223200
O96294	PF3D7_0223300
O96295	PF3D7_0223400
O96296	PF3D7_0223500
O96935	PF3D7_1311800
O97224	PF3D7_0303400
O97225	PF3D7_0303500
O97226	PF3D7_0303800
O97227	PF3D7_0303700
O97228	PF3D7_0304000
O97229	PF3D7_0304100
O97230	PF3D7_0304300
O97231	PF3D7_0304400
O97232	PF3D7_0304500
O97233	PF3D7_0304700
O97234	PF3D7_0304800
O97235	PF3D7_0305000
O97238	PF3D7_0305300
O97240	PF3D7_0305600
O97241	PF3D7_0305700
O97242	PF3D7_0305800
O97243	PF3D7_0306100
O97244	PF3D7_0306200
O97245	PF3D7_0306400
O97246	PF3D7_0306500
O97247	PF3D7_0306800
O97248	PF3D7_0306900
O97249	PF3D7_0307100
O97250	PF3D7_0307200
O97251	PF3D7_0307300
O97252	PF3D7_0307400
O97253	PF3D7_0307500
O97254	PF3D7_0307600
O97255	PF3D7_0307700
O97256	PF3D7_0308500
O97257	PF3D7_0313900
O97259	PF3D7_0314400
O97260	PF3D7_0314700
O97261	PF3D7_0314500
O97264	PF3D7_0314900
O97265	PF3D7_0315000
O97266	PF3D7_0315100
O97267	PF3D7_0315200
O97269	PF3D7_0315400
O97270	PF3D7_0315500
O97271	PF3D7_0315600
O97272	PF3D7_0315700
O97273	PF3D7_0315800
O97274	PF3D7_0315900
O97275	PF3D7_0314300
O97276	PF3D7_0315300
O97277	PF3D7_0319400
O97279	PF3D7_0319900
O97280	PF3D7_0319800
O97282	PF3D7_0320300
O97284	PF3D7_0320500
O97285	PF3D7_0320800
O97286	PF3D7_0321000
O97287	PF3D7_0321100
O97288	PF3D7_0321300
O97289	PF3D7_0321500
O97290	PF3D7_0321600
O97291	PF3D7_0321700
O97294	PF3D7_0322200
O97295	PF3D7_0322300
O97297	PF3D7_0322500
O97299	PF3D7_0323100
O97300	PF3D7_0323200
O97301	PF3D7_0323300
O97302	PF3D7_0323400
O97303	PF3D7_0323700
O97304	PF3D7_0323500
O97305	PF3D7_0323600
O97306	PF3D7_0323800
O97307	PF3D7_0324100
O97308	PF3D7_0101100
O97308	PF3D7_0324300
O97309	PF3D7_0324400
O97310	PF3D7_0324500
O97311	PF3D7_0324800
O97312	PF3D7_0324900
O97313	PF3D7_0322900
O97314	PF3D7_0323000
O97318	PF3D7_0319500
O97319	PF3D7_0319600
O97320	PF3D7_0320900
O97321	PF3D7_0321200
O97322	PF3D7_0322600
O97323	PF3D7_0320100
O97324	PF3D7_0300100
O97325	PF3D7_0300200
O97326	PF3D7_0300500
O97327	PF3D7_0300700
O97328	PF3D7_0300800
O97329	PF3D7_0300900
O97330	PF3D7_0301000
O97331	PF3D7_0301500
O97332	PF3D7_0301800
O97333	PF3D7_0301900
O97334	PF3D7_0302000
O97335	PF3D7_0301100
O97336	PF3D7_0301700
O97462	PF3D7_0222000
O97462	PF3D7_0324000
O97462	PF3D7_0601300
O97474	PF3D7_0101200
O97474	PF3D7_0222200
O97474	PF3D7_0324200
O97474	PF3D7_0701500
O97474	PF3D7_1039800
O97474	PF3D7_1101600
P25805	PF3D7_1458000
P25805	Pf7G8-2_000531800
P25805	Pf7G8_140063200
P25805	PfCD01_140063300
P25805	PfDd2_140062400
P25805	PfGA01_140063400
P25805	PfGB4_140064100
P25805	PfGN01_140063300
P25805	PfHB3_140063700
P25805	PfIT_140064400
P25805	PfKE01_140062800
P25805	PfKH01_140063500
P25805	PfKH02_140063700
P25805	PfML01_140063600
P25805	PfNF135_140062100
P25805	PfNF166_140060900
P25805	PfNF54_140061700
P25805	PfSD01_140061300
P25805	PfSN01_140065200
P25805	PfTG01_140063300
P27362	PF3D7_0922500
P46468	PF3D7_0711000
P50250	PF3D7_0520900
P50498	PF3D7_0206800
P61074	PF3D7_1361900
P61075	PF3D7_1356900
P61076	PF3D7_0923800
P62203	PF3D7_1434200
P62344	PF3D7_0217500
P62368	PF3D7_0209300
Q03400	PF3D7_1035200
Q08210	PF3D7_0603300
Q25799	PF3D7_API04700
Q25800	PF3D7_API04600
Q25801	PF3D7_API04500
Q25803	PF3D7_API04100
Q25805	PF3D7_API01300
Q25806	PF3D7_API01400
Q25807	PF3D7_API01500
Q25808	PF3D7_API01600
Q25809	PF3D7_API01700
Q25810	PF3D7_API01800
Q25811	PF3D7_API01900
Q25814	PF3D7_API02200
Q25816	PF3D7_API02400
Q25817	PF3D7_API02600
Q25818	PF3D7_API02700
Q25819	PF3D7_API02800
Q25821	PF3D7_API03000
Q25824	PF3D7_API03800
Q25825	PF3D7_API04000
Q27730	PF3D7_API02500
Q4VWQ3	PF3D7_0916100
Q5MYR6	PF3D7_0729200
Q6LFD5	PF3D7_0613400
Q6LFH8	PF3D7_0608800
Q6LFN2	PF3D7_0603400
Q6ZLZ9	PF3D7_0903700
Q6ZMA7	PF3D7_0406200
Q6ZMA8	PF3D7_0406100
Q76NL8	PF3D7_1360800
Q76NL8	Pf7G8-2_000463200
Q76NL8	Pf7G8_130065300
Q76NL8	PfCD01_130066400
Q76NL8	PfDd2_130066600
Q76NL8	PfGA01_130066900
Q76NL8	PfGB4_130066700
Q76NL8	PfGN01_130067500
Q76NL8	PfHB3_130067200
Q76NL8	PfIT_130066100
Q76NL8	PfKE01_130066400
Q76NL8	PfKH01_130064800
Q76NL8	PfKH02_130063700
Q76NL8	PfML01_130064900
Q76NL8	PfNF135_130065000
Q76NL8	PfNF166_130065700
Q76NL8	PfNF54_130065400
Q76NL8	PfSD01_130067500
Q76NL8	PfSN01_130063800
Q76NL8	PfTG01_130066500
Q76NM1	PF3D7_1353600
Q76NM2	PF3D7_1335900
Q76NM3	PF3D7_1324900
Q76NM4	PF3D7_1320600
Q76NM5	PF3D7_1301600
Q76NM6	PF3D7_1311900
Q76NM6	Pf7G8-2_000415100
Q76NM6	Pf7G8_130016300
Q76NM6	PfCD01_130017400
Q76NM6	PfDd2_130017700
Q76NM6	PfGA01_130017900
Q76NM6	PfGB4_130017800
Q76NM6	PfGN01_130018600
Q76NM6	PfHB3_130018200
Q76NM6	PfIT_130017100
Q76NM6	PfKE01_130017500
Q76NM6	PfKH01_130016100
Q76NM6	PfKH02_130014800
Q76NM6	PfML01_130015100
Q76NM6	PfNF135_130016900
Q76NM6	PfNF166_130017500
Q76NM6	PfNF54_130017200
Q76NM6	PfSD01_130018600
Q76NM6	PfSN01_130014900
Q76NM6	PfTG01_130017600
Q76NM7	PF3D7_1310600
Q76NM8	PF3D7_1304700
Q76NN6	PF3D7_0419600
Q76NN7	PF3D7_0322000
Q76NN8	PF3D7_0106300
Q7HP03	PF3D7_MIT02300
Q7K6A0	PF3D7_0934800
Q7K6A1	PF3D7_0925700
Q7K6A4	PF3D7_0922200
Q7K6A5	PF3D7_0523000
Q7K6A7	PF3D7_0518400
Q7K6A9	PF3D7_0803800
Q7K6B0	PF3D7_0807300
Q7K6B1	PF3D7_0817500
Q7K734	PF3D7_0408500
Q7K740	PF3D7_0304600
Q7KQJ9	PF3D7_1226600
Q7KQJ9	Pf7G8-2_000376400
Q7KQJ9	Pf7G8_120032100
Q7KQJ9	PfCD01_120031500
Q7KQJ9	PfDd2_120031600
Q7KQJ9	PfGA01_120031300
Q7KQJ9	PfGB4_120032000
Q7KQJ9	PfGN01_120032600
Q7KQJ9	PfHB3_120031400
Q7KQJ9	PfIT_120031700
Q7KQJ9	PfKE01_120031600
Q7KQJ9	PfKH01_120033000
Q7KQJ9	PfKH02_120031700
Q7KQJ9	PfML01_120031800
Q7KQJ9	PfNF135_120031800
Q7KQJ9	PfNF166_120033200
Q7KQJ9	PfNF54_120031400
Q7KQJ9	PfSD01_120031500
Q7KQJ9	PfSN01_120032200
Q7KQJ9	PfTG01_120031500
Q7KQK0	PF3D7_1223100
Q7KQK1	PF3D7_1219700
Q7KQK2	PF3D7_1211800
Q7KQK3	PF3D7_1211400
Q7KQK4	PF3D7_1209300
Q7KQK5	PF3D7_1133400
Q7KQK6	PF3D7_1117700
Q7KQK7	PF3D7_1113900
Q7KQK8	PF3D7_1102700
Q7KQL1	PF3D7_1033600
Q7KQL2	PF3D7_1031000
Q7KQL3	PF3D7_1020900
Q7KQL3	Pf7G8-2_000306500
Q7KQL3	PfNF135_100026200
Q7KQL3	PfNF166_100025800
Q7KQL3	PfNF54_100026000
Q7KQL4	PF3D7_1017000
Q7KQL5	PF3D7_1008700
Q7KQL7	PF3D7_1479000
Q7KQL8	PF3D7_1457200
Q7KQL8	Pf7G8-2_000531000
Q7KQL8	Pf7G8_140062400
Q7KQL8	PfCD01_140062500
Q7KQL8	PfDd2_140061600
Q7KQL8	PfGA01_140062600
Q7KQL8	PfGB4_140063300
Q7KQL8	PfGN01_140062500
Q7KQL8	PfHB3_140062900
Q7KQL8	PfIT_140063600
Q7KQL8	PfKE01_140062000
Q7KQL8	PfKH01_140062700
Q7KQL8	PfKH02_140062900
Q7KQL8	PfML01_140062800
Q7KQL8	PfNF135_140061300
Q7KQL8	PfNF166_140060100
Q7KQL8	PfNF54_140060900
Q7KQL8	PfSD01_140060500
Q7KQL8	PfSN01_140064400
Q7KQL8	PfTG01_140062500
Q7KQL9	PF3D7_1444800
Q7KQM0	PF3D7_1439900
Q7KQM1	PF3D7_1438700
Q7KQM2	PF3D7_1437800
Q7KQM4	PF3D7_1407900
Q7KQM5	PF3D7_1401400
Q7KWI6	PF3D7_0220500
Q7KWI7	PF3D7_0220200
Q7KWI9	PF3D7_0211400
Q7KWJ1	PF3D7_0208500
Q7KWJ2	PF3D7_0207000
Q7KWJ3	PF3D7_0206900
Q7KWJ4	PF3D7_0206700
Q7KWJ5	PF3D7_0204700
Q7YTF7	PF3D7_0213400
Q8I082	PF3D7_0937700
Q8I0E0	PF3D7_1200500
Q8I0G7	PF3D7_1400300
Q8I0P6	PF3D7_1357000
Q8I0P6	PF3D7_1357100
Q8I0Q0	PF3D7_0631300
Q8I0Q0	PF3D7_1101800
Q8I0U6	PF3D7_0102200
Q8I0U7	PF3D7_0931800
Q8I0U8	PF3D7_0930300
Q8I0U9	PF3D7_0530200
Q8I0V0	PF3D7_0507500
Q8I0V1	PF3D7_1247800
Q8I0V2	PF3D7_1235700
Q8I0V3	PF3D7_1232100
Q8I0V4	PF3D7_1222300
Q8I0V5	PF3D7_1208300
Q8I0V6	PF3D7_1207700
Q8I0V8	PF3D7_0401900
Q8I0V9	PF3D7_0109200
Q8I0W1	PF3D7_0933000
Q8I0W2	PF3D7_0928800
Q8I0W4	PF3D7_0908700
Q8I0W6	PF3D7_0519300
Q8I0W8	PF3D7_0513600
Q8I0W9	PF3D7_0511200
Q8I0X0	PF3D7_0509000
Q8I0X1	PF3D7_0504600
Q8I0X2	PF3D7_1253400
Q8I0X3	PF3D7_1223300
Q8I0X4	PF3D7_1207600
Q8I1N7	PF3D7_0420200
Q8I1N8	PF3D7_0420100
Q8I1P0	PF3D7_0419800
Q8I1P1	PF3D7_0419700
Q8I1P2	PF3D7_0419500
Q8I1P3	PF3D7_0419400
Q8I1P4	PF3D7_0419300
Q8I1P5	PF3D7_0419200
Q8I1P6	PF3D7_0419100
Q8I1P7	PF3D7_0419000
Q8I1Q0	PF3D7_0418700
Q8I1Q1	PF3D7_0418600
Q8I1Q2	PF3D7_0418500
Q8I1Q3	PF3D7_0418400
Q8I1Q4	PF3D7_0418300
Q8I1Q5	PF3D7_0418200
Q8I1Q6	PF3D7_0418100
Q8I1Q8	PF3D7_0417900
Q8I1Q9	PF3D7_0417800
Q8I1R1	PF3D7_0417600
Q8I1R5	PF3D7_0417300
Q8I1R6	PF3D7_0417200
Q8I1R7	PF3D7_0417100
Q8I1R8	PF3D7_0417000
Q8I1S0	PF3D7_0416800
Q8I1S1	PF3D7_0416600
Q8I1S2	PF3D7_0416500
Q8I1S4	PF3D7_0416300
Q8I1S5	PF3D7_0416200
Q8I1S6	PF3D7_0416100
Q8I1S7	PF3D7_0416000
Q8I1S9	PF3D7_0415800
Q8I1T0	PF3D7_0415700
Q8I1T1	PF3D7_0415600
Q8I1T1	Pf7G8-2_000108500
Q8I1T1	Pf7G8_040020500
Q8I1T1	PfCD01_040021100
Q8I1T1	PfDd2_040020800
Q8I1T1	PfGA01_040020100
Q8I1T1	PfGB4_040020900
Q8I1T1	PfGN01_040021000
Q8I1T1	PfHB3_040019600
Q8I1T1	PfIT_040020000
Q8I1T1	PfKE01_040022500
Q8I1T1	PfKH01_040021000
Q8I1T1	PfKH02_040020600
Q8I1T1	PfML01_040021700
Q8I1T1	PfNF135_040021100
Q8I1T1	PfNF166_040021600
Q8I1T1	PfNF54_040021300
Q8I1T1	PfSD01_070031600
Q8I1T1	PfSN01_040020400
Q8I1T1	PfTG01_040021000
Q8I1T2	PF3D7_0415500
Q8I1T3	PF3D7_0415400
Q8I1T4	PF3D7_0415300
Q8I1T6	PF3D7_0415200
Q8I1T7	PF3D7_0415100
Q8I1T8	PF3D7_0415000
Q8I1U1	PF3D7_0414700
Q8I1U2	PF3D7_0414600
Q8I1U3	PF3D7_0414500
Q8I1U4	PF3D7_0414400
Q8I1U6	PF3D7_0414100
Q8I1U7	PF3D7_0414000
Q8I1U8	PF3D7_0413900
Q8I1U9	PF3D7_0413800
Q8I1V0	PF3D7_0413700
Q8I1V1	PF3D7_0413600
Q8I1V2	PF3D7_0413500
Q8I1V4	PF3D7_0413300
Q8I1V5	PF3D7_0413200
Q8I1V6	PF3D7_0413100
Q8I1V7	PF3D7_0412900
Q8I1V9	PF3D7_0409900
Q8I1W0	PF3D7_0409700
Q8I1W3	PF3D7_0406800
Q8I1W8	PF3D7_0406000
Q8I1W9	PF3D7_0405900
Q8I1X0	PF3D7_0405800
Q8I1X1	PF3D7_0405700
Q8I1X3	PF3D7_0405600
Q8I1X4	PF3D7_0405500
Q8I1X6	PF3D7_0405300
Q8I1X7	PF3D7_0405200
Q8I1X9	PF3D7_0405000
Q8I1Y0	PF3D7_0404900
Q8I1Y1	PF3D7_0404800
Q8I1Y2	PF3D7_0404700
Q8I1Y4	PF3D7_0404500
Q8I1Y5	PF3D7_0404400
Q8I1Y6	PF3D7_0404300
Q8I1Y7	PF3D7_0404200
Q8I1Y8	PF3D7_0404100
Q8I1Y9	PF3D7_0404000
Q8I1Z0	PF3D7_0403900
Q8I1Z1	PF3D7_0403800
Q8I1Z2	PF3D7_0403700
Q8I1Z5	PF3D7_0403500
Q8I1Z7	PF3D7_0403300
Q8I1Z8	PF3D7_0403200
Q8I1Z9	PF3D7_0403100
Q8I200	PF3D7_0402900
Q8I201	PF3D7_0402600
Q8I202	PF3D7_0402400
Q8I205	PF3D7_0402100
Q8I206	PF3D7_0402000
Q8I207	PF3D7_0401800
Q8I209	PF3D7_0401600
Q8I210	PF3D7_0401400
Q8I211	PF3D7_0401300
Q8I212	PF3D7_0401200
Q8I213	PF3D7_0401000
Q8I214	PF3D7_0400900
Q8I215	PF3D7_0400800
Q8I216	PF3D7_0400700
Q8I217	PF3D7_0400500
Q8I219	PF3D7_0400300
Q8I220	PF3D7_0400100
Q8I224	PF3D7_0303600
Q8I226	PF3D7_0112000
Q8I227	PF3D7_0111900
Q8I229	PF3D7_0111700
Q8I230	PF3D7_0111600
Q8I231	PF3D7_0111500
Q8I233	PF3D7_0111300
Q8I234	PF3D7_0111200
Q8I235	PF3D7_0111000
Q8I236	PF3D7_0110900
Q8I237	PF3D7_0110800
Q8I238	PF3D7_0110700
Q8I239	PF3D7_0110600
Q8I240	PF3D7_0110500
Q8I241	PF3D7_0110400
Q8I242	PF3D7_0110200
Q8I243	PF3D7_0110100
Q8I244	PF3D7_0110000
Q8I246	PF3D7_0109800
Q8I247	PF3D7_0109700
Q8I248	PF3D7_0109600
Q8I249	PF3D7_0109500
Q8I250	PF3D7_0109400
Q8I251	PF3D7_0109300
Q8I252	PF3D7_0109100
Q8I253	PF3D7_0109000
Q8I254	PF3D7_0108800
Q8I255	PF3D7_0108700
Q8I256	PF3D7_0108600
Q8I257	PF3D7_0108500
Q8I259	PF3D7_0108300
Q8I260	PF3D7_0108100
Q8I261	PF3D7_0108000
Q8I262	PF3D7_0107900
Q8I265	PF3D7_0107600
Q8I266	PF3D7_0107500
Q8I267	PF3D7_0107400
Q8I269	PF3D7_0107300
Q8I271	PF3D7_0107100
Q8I272	PF3D7_0107000
Q8I273	PF3D7_0106900
Q8I274	PF3D7_0106800
Q8I275	PF3D7_0106700
Q8I276	PF3D7_0106600
Q8I277	PF3D7_0106500
Q8I278	PF3D7_0106400
Q8I280	PF3D7_0106100
Q8I282	PF3D7_0105900
Q8I283	PF3D7_0105800
Q8I285	PF3D7_0105600
Q8I286	PF3D7_0105500
Q8I287	PF3D7_0105400
Q8I288	PF3D7_0105300
Q8I289	PF3D7_0105200
Q8I290	PF3D7_0105100
Q8I291	PF3D7_0104800
Q8I292	PF3D7_0104700
Q8I294	PF3D7_0104500
Q8I295	PF3D7_0104400
Q8I295	Pf7G8_010008600
Q8I295	PfCD01_010008900
Q8I295	PfDd2_010008200
Q8I295	PfGA01_010008800
Q8I295	PfGB4_010008700
Q8I295	PfGN01_010008900
Q8I295	PfHB3_010008600
Q8I295	PfIT_010007900
Q8I295	PfKE01_010007700
Q8I295	PfKH01_010009600
Q8I295	PfKH02_010008300
Q8I295	PfML01_010008400
Q8I295	PfSD01_010008100
Q8I295	PfSN01_010007300
Q8I295	PfTG01_010009500
Q8I298	PF3D7_0104200
Q8I299	PF3D7_0104100
Q8I2A0	PF3D7_0104000
Q8I2A1	PF3D7_0103900
Q8I2A2	PF3D7_0103800
Q8I2A3	PF3D7_0103700
Q8I2A4	PF3D7_0103600
Q8I2A8	PF3D7_0103200
Q8I2A9	PF3D7_0103100
Q8I2B1	PF3D7_0102900
Q8I2B2	PF3D7_0102800
Q8I2B3	PF3D7_0102700
Q8I2B4	PF3D7_0102500
Q8I2B6	PF3D7_0102300
Q8I2B9	PF3D7_0101900
Q8I2C0	PF3D7_0101800
Q8I2C1	PF3D7_0101600
Q8I2C4	PF3D7_0115700
Q8I2C5	PF3D7_0115600
Q8I2C6	PF3D7_0115400
Q8I2C7	PF3D7_0115300
Q8I2C8	PF3D7_0115200
Q8I2C9	PF3D7_0115100
Q8I2D1	PF3D7_0115000
Q8I2D3	PF3D7_0114800
Q8I2D4	PF3D7_0114700
Q8I2D5	PF3D7_0114500
Q8I2D6	PF3D7_0114200
Q8I2D9	PF3D7_0113900
Q8I2E1	PF3D7_0113700
Q8I2E3	PF3D7_0937800
Q8I2E4	PF3D7_0937600
Q8I2E5	PF3D7_0937500
Q8I2E6	PF3D7_0937400
Q8I2E7	PF3D7_0937300
Q8I2E8	PF3D7_0937200
Q8I2E9	PF3D7_0937100
Q8I2F2	PF3D7_0936800
Q8I2F3	PF3D7_0936700
Q8I2F4	PF3D7_0936600
Q8I2F5	PF3D7_0936500
Q8I2F6	PF3D7_0936400
Q8I2F7	PF3D7_0936300
Q8I2F8	PF3D7_0936200
Q8I2F9	PF3D7_0936100
Q8I2G0	PF3D7_0936000
Q8I2G1	PF3D7_0935900
Q8I2G2	PF3D7_0935800
Q8I2G3	PF3D7_0935700
Q8I2G4	PF3D7_0935600
Q8I2G6	PF3D7_0935400
Q8I2G7	PF3D7_0935300
Q8I2G8	PF3D7_0935200
Q8I2G9	PF3D7_0935000
Q8I2H0	PF3D7_0934900
Q8I2H1	PF3D7_0934700
Q8I2H2	PF3D7_0934600
Q8I2H3	PF3D7_0934500
Q8I2H4	PF3D7_0934400
Q8I2H5	PF3D7_0934300
Q8I2H6	PF3D7_0934200
Q8I2H7	PF3D7_0934100
Q8I2H8	PF3D7_0934000
Q8I2H9	PF3D7_0933900
Q8I2I0	PF3D7_0933800
Q8I2I2	PF3D7_0933600
Q8I2I3	PF3D7_0933500
Q8I2I7	PF3D7_0932900
Q8I2I8	PF3D7_0932800
Q8I2I9	PF3D7_0932700
Q8I2J0	PF3D7_0932600
Q8I2J1	PF3D7_0932500
Q8I2J2	PF3D7_0932400
Q8I2J3	PF3D7_0932300
Q8I2J4	PF3D7_0932200
Q8I2J9	PF3D7_0931600
Q8I2K2	PF3D7_0931300
Q8I2K4	PF3D7_0931100
Q8I2K5	PF3D7_0931000
Q8I2K7	PF3D7_0930700
Q8I2K8	PF3D7_0930600
Q8I2K9	PF3D7_0930500
Q8I2L0	PF3D7_0930400
Q8I2L2	PF3D7_0930000
Q8I2L4	PF3D7_0929600
Q8I2L7	PF3D7_0929300
Q8I2L9	PF3D7_0929100
Q8I2M0	PF3D7_0929000
Q8I2M1	PF3D7_0928900
Q8I2M2	PF3D7_0928700
Q8I2M3	PF3D7_0928600
Q8I2M4	PF3D7_0928500
Q8I2M5	PF3D7_0928400
Q8I2M7	PF3D7_0928200
Q8I2M8	PF3D7_0928100
Q8I2M9	PF3D7_0928000
Q8I2N0	PF3D7_0927900
Q8I2N1	PF3D7_0927800
Q8I2N2	PF3D7_0927700
Q8I2N3	PF3D7_0927600
Q8I2N6	PF3D7_0927300
Q8I2N8	PF3D7_0927100
Q8I2N9	PF3D7_0927000
Q8I2P0	PF3D7_0926900
Q8I2P1	PF3D7_0926800
Q8I2P2	PF3D7_0926700
Q8I2P4	PF3D7_0926500
Q8I2P9	PF3D7_0926000
Q8I2Q0	PF3D7_0925900
Q8I2Q1	PF3D7_0925800
Q8I2Q2	PF3D7_0925600
Q8I2Q4	PF3D7_0925400
Q8I2Q5	PF3D7_0925300
Q8I2Q6	PF3D7_0925200
Q8I2Q7	PF3D7_0925100
Q8I2R0	PF3D7_0924700
Q8I2R1	PF3D7_0924600
Q8I2R3	PF3D7_0924400
Q8I2R5	PF3D7_0924200
Q8I2R6	PF3D7_0924100
Q8I2R7	PF3D7_0924000
Q8I2R8	PF3D7_0923900
Q8I2S0	PF3D7_0923600
Q8I2S0	Pf7G8-2_000271600
Q8I2S0	Pf7G8_090028400
Q8I2S0	PfCD01_090027900
Q8I2S0	PfDd2_090028600
Q8I2S0	PfGA01_090027800
Q8I2S0	PfGB4_090028500
Q8I2S0	PfGN01_090028400
Q8I2S0	PfHB3_090028200
Q8I2S0	PfIT_090028100
Q8I2S0	PfKE01_090027900
Q8I2S0	PfKH01_090027800
Q8I2S0	PfKH02_090028300
Q8I2S0	PfML01_090028000
Q8I2S0	PfNF135_090027200
Q8I2S0	PfNF166_090027600
Q8I2S0	PfNF54_090028700
Q8I2S0	PfSD01_090028500
Q8I2S0	PfSN01_090028100
Q8I2S0	PfTG01_090027900
Q8I2S1	PF3D7_0923500
Q8I2S2	PF3D7_0923400
Q8I2S3	PF3D7_0923300
Q8I2S5	PF3D7_0923100
Q8I2S6	PF3D7_0923000
Q8I2S7	PF3D7_0922900
Q8I2S9	PF3D7_0922700
Q8I2T0	PF3D7_0922400
Q8I2T2	PF3D7_0922100
Q8I2T3	PF3D7_0922000
Q8I2T4	PF3D7_0921900
Q8I2T6	PF3D7_0921700
Q8I2T7	PF3D7_0921600
Q8I2T8	PF3D7_0921500
Q8I2T9	PF3D7_0921400
Q8I2U0	PF3D7_0921300
Q8I2U3	PF3D7_0921000
Q8I2U4	PF3D7_0920900
Q8I2U5	PF3D7_0920800
Q8I2U6	PF3D7_0920700
Q8I2U7	PF3D7_0920600
Q8I2U8	PF3D7_0920500
Q8I2U9	PF3D7_0920400
Q8I2V0	PF3D7_0920300
Q8I2V1	PF3D7_0920200
Q8I2V5	PF3D7_0919800
Q8I2V6	PF3D7_0919700
Q8I2V7	PF3D7_0919600
Q8I2V8	PF3D7_0919500
Q8I2V9	PF3D7_0919400
Q8I2W0	PF3D7_0919300
Q8I2W1	PF3D7_0919200
Q8I2W2	PF3D7_0919100
Q8I2W3	PF3D7_0919000
Q8I2W4	PF3D7_0918900
Q8I2W5	PF3D7_0918800
Q8I2W6	PF3D7_0918700
Q8I2W7	PF3D7_0918600
Q8I2X0	PF3D7_0918300
Q8I2X3	PF3D7_0918000
Q8I2X4	PF3D7_0917900
Q8I2X5	PF3D7_0917800
Q8I2X6	PF3D7_0917700
Q8I2X7	PF3D7_0917600
Q8I2X8	PF3D7_0917500
Q8I2X9	PF3D7_0917400
Q8I2Y0	PF3D7_0917300
Q8I2Y1	PF3D7_0917200
Q8I2Y2	PF3D7_0917100
Q8I2Y3	PF3D7_0917000
Q8I2Y4	PF3D7_0916900
Q8I2Y5	PF3D7_0916700
Q8I2Y6	PF3D7_0916600
Q8I2Y9	PF3D7_0916300
Q8I2Z0	PF3D7_0916200
Q8I2Z2	PF3D7_0916000
Q8I2Z3	PF3D7_0915900
Q8I2Z4	PF3D7_0915800
Q8I2Z5	PF3D7_0915700
Q8I2Z6	PF3D7_0915600
Q8I2Z7	PF3D7_0915500
Q8I2Z8	PF3D7_0915400
Q8I2Z9	PF3D7_0915300
Q8I300	PF3D7_0915200
Q8I301	PF3D7_0915100
Q8I302	PF3D7_0915000
Q8I303	PF3D7_0914900
Q8I304	PF3D7_0914800
Q8I305	PF3D7_0914700
Q8I306	PF3D7_0914600
Q8I307	PF3D7_0914500
Q8I308	PF3D7_0914400
Q8I310	PF3D7_0914200
Q8I312	PF3D7_0914000
Q8I313	PF3D7_0913900
Q8I314	PF3D7_0913800
Q8I315	PF3D7_0913700
Q8I316	PF3D7_0913600
Q8I317	PF3D7_0913500
Q8I318	PF3D7_0913400
Q8I319	PF3D7_0913300
Q8I320	PF3D7_0913200
Q8I321	PF3D7_0913100
Q8I322	PF3D7_0913000
Q8I323	PF3D7_0912900
Q8I324	PF3D7_0912800
Q8I325	PF3D7_0912700
Q8I326	PF3D7_0912600
Q8I328	PF3D7_0912400
Q8I330	PF3D7_0912200
Q8I331	PF3D7_0912100
Q8I332	PF3D7_0912000
Q8I333	PF3D7_0911900
Q8I334	PF3D7_0911800
Q8I335	PF3D7_0911700
Q8I338	PF3D7_0911400
Q8I340	PF3D7_0911200
Q8I341	PF3D7_0911100
Q8I344	PF3D7_0910800
Q8I345	PF3D7_0910700
Q8I346	PF3D7_0910600
Q8I347	PF3D7_0910500
Q8I348	PF3D7_0910400
Q8I349	PF3D7_0910300
Q8I352	PF3D7_0910000
Q8I353	PF3D7_0909900
Q8I355	PF3D7_0909700
Q8I356	PF3D7_0909600
Q8I357	PF3D7_0909500
Q8I358	PF3D7_0909400
Q8I359	PF3D7_0909300
Q8I360	PF3D7_0909200
Q8I362	PF3D7_0909000
Q8I363	PF3D7_0908900
Q8I364	PF3D7_0908800
Q8I365	PF3D7_0908600
Q8I367	PF3D7_0908400
Q8I369	PF3D7_0908200
Q8I372	PF3D7_0907900
Q8I373	PF3D7_0907800
Q8I374	PF3D7_0907700
Q8I375	PF3D7_0907600
Q8I376	PF3D7_0907500
Q8I377	PF3D7_0907400
Q8I378	PF3D7_0907300
Q8I379	PF3D7_0907200
Q8I380	PF3D7_0907100
Q8I381	PF3D7_0906910
Q8I383	PF3D7_0906600
Q8I384	PF3D7_0906500
Q8I384	Pf7G8-2_000254600
Q8I384	Pf7G8_090011400
Q8I384	PfCD01_090010900
Q8I384	PfDd2_090011800
Q8I384	PfGA01_090010900
Q8I384	PfGB4_090011500
Q8I384	PfGN01_090011400
Q8I384	PfHB3_090011200
Q8I384	PfIT_090011200
Q8I384	PfKE01_090010900
Q8I384	PfKH01_090010900
Q8I384	PfKH02_090011300
Q8I384	PfML01_090011000
Q8I384	PfNF135_090010200
Q8I384	PfNF166_090010600
Q8I384	PfNF54_090011700
Q8I384	PfSD01_090011600
Q8I384	PfSN01_090011200
Q8I384	PfTG01_090010900
Q8I385	PF3D7_0906400
Q8I386	PF3D7_0906300
Q8I387	PF3D7_0906200
Q8I388	PF3D7_0906100
Q8I390	PF3D7_0905900
Q8I391	PF3D7_0905800
Q8I393	PF3D7_0905600
Q8I394	PF3D7_0905500
Q8I395	PF3D7_0905400
Q8I397	PF3D7_0905200
Q8I398	PF3D7_0905100
Q8I399	PF3D7_0905000
Q8I3A0	PF3D7_0904900
Q8I3A1	PF3D7_0904800
Q8I3A2	PF3D7_0904700
Q8I3A3	PF3D7_0904600
Q8I3A4	PF3D7_0904500
Q8I3A5	PF3D7_0904400
Q8I3A7	PF3D7_0904200
Q8I3A8	PF3D7_0904100
Q8I3A9	PF3D7_0904000
Q8I3B0	PF3D7_0903900
Q8I3B1	PF3D7_0903800
Q8I3B3	PF3D7_0903500
Q8I3B4	PF3D7_0903400
Q8I3B7	PF3D7_0903100
Q8I3B8	PF3D7_0903000
Q8I3B9	PF3D7_0902900
Q8I3C0	PF3D7_0902800
Q8I3C3	PF3D7_0902500
Q8I3C5	PF3D7_0902300
Q8I3C7	PF3D7_0902100
Q8I3C9	PF3D7_0901900
Q8I3D1	PF3D7_0901600
Q8I3D2	PF3D7_0901500
Q8I3D3	PF3D7_0901400
Q8I3D4	PF3D7_0901300
Q8I3D6	PF3D7_0901100
Q8I3D7	PF3D7_0901000
Q8I3D8	PF3D7_0900900
Q8I3D9	PF3D7_0900700
Q8I3E0	PF3D7_0900600
Q8I3E1	PF3D7_0900500
Q8I3E2	PF3D7_0900400
Q8I3E3	PF3D7_0900300
Q8I3E4	PF3D7_0900200
Q8I3E5	PF3D7_0900100
Q8I3E7	PF3D7_0532900
Q8I3E9	PF3D7_0532500
Q8I3F0	PF3D7_0532400
Q8I3F1	PF3D7_0532300
Q8I3F2	PF3D7_0532200
Q8I3F4	PF3D7_0531400
Q8I3F5	PF3D7_0531300
Q8I3F6	PF3D7_0531200
Q8I3F7	PF3D7_0531100
Q8I3F8	PF3D7_0531000
Q8I3F9	PF3D7_0530900
Q8I3G1	PF3D7_0530700
Q8I3G2	PF3D7_0530600
Q8I3G4	PF3D7_0530400
Q8I3G6	PF3D7_0530100
Q8I3G7	PF3D7_0530000
Q8I3G9	PF3D7_0529900
Q8I3H0	PF3D7_0529800
Q8I3H1	PF3D7_0529700
Q8I3H2	PF3D7_0529500
Q8I3H4	PF3D7_0529300
Q8I3H5	PF3D7_0529200
Q8I3H6	PF3D7_0529100
Q8I3H7	PF3D7_0529000
Q8I3H9	PF3D7_0528800
Q8I3I0	PF3D7_0528700
Q8I3I2	PF3D7_0528500
Q8I3I3	PF3D7_0528400
Q8I3I4	PF3D7_0528300
Q8I3I5	PF3D7_0528200
Q8I3I6	PF3D7_0528100
Q8I3J0	PF3D7_0527500
Q8I3J1	PF3D7_0527400
Q8I3J2	PF3D7_0527300
Q8I3J3	PF3D7_0527200
Q8I3J4	PF3D7_0527100
Q8I3J5	PF3D7_0527000
Q8I3J7	PF3D7_0526800
Q8I3J8	PF3D7_0526700
Q8I3K0	PF3D7_0526500
Q8I3K1	PF3D7_0526400
Q8I3K2	PF3D7_0526300
Q8I3K4	PF3D7_0526100
Q8I3K5	PF3D7_0526000
Q8I3K7	PF3D7_0525800
Q8I3K8	PF3D7_0525700
Q8I3L1	PF3D7_0525400
Q8I3L2	PF3D7_0525300
Q8I3L3	PF3D7_0525200
Q8I3L4	PF3D7_0525100
Q8I3L5	PF3D7_0525000
Q8I3L6	PF3D7_0524900
Q8I3L7	PF3D7_0524800
Q8I3L8	PF3D7_0524700
Q8I3L9	PF3D7_0524600
Q8I3M0	PF3D7_0524500
Q8I3M2	PF3D7_0524300
Q8I3M3	PF3D7_0524200
Q8I3M4	PF3D7_0524100
Q8I3M5	PF3D7_0524000
Q8I3M7	PF3D7_0523800
Q8I3M8	PF3D7_0523700
Q8I3N0	PF3D7_0523400
Q8I3N1	PF3D7_0523300
Q8I3N2	PF3D7_0523200
Q8I3N3	PF3D7_0523100
Q8I3N4	PF3D7_0522900
Q8I3N5	PF3D7_0522800
Q8I3N6	PF3D7_0522700
Q8I3N7	PF3D7_0522600
Q8I3P1	PF3D7_0522200
Q8I3P2	PF3D7_0522100
Q8I3P3	PF3D7_0522000
Q8I3P4	PF3D7_0521900
Q8I3P6	PF3D7_0521700
Q8I3P7	PF3D7_0521500
Q8I3P8	PF3D7_0521400
Q8I3P9	PF3D7_0521300
Q8I3Q1	PF3D7_0521100
Q8I3Q2	PF3D7_0521000
Q8I3Q4	PF3D7_0520700
Q8I3Q5	PF3D7_0520500
Q8I3Q6	PF3D7_0520400
Q8I3Q7	PF3D7_0520300
Q8I3Q8	PF3D7_0520200
Q8I3R0	PF3D7_0520000
Q8I3R1	PF3D7_0519900
Q8I3R2	PF3D7_0519800
Q8I3R4	PF3D7_0519600
Q8I3R5	PF3D7_0519500
Q8I3R6	PF3D7_0519400
Q8I3R7	PF3D7_0519200
Q8I3R9	PF3D7_0519000
Q8I3S0	PF3D7_0518900
Q8I3S3	PF3D7_0518700
Q8I3S4	PF3D7_0518600
Q8I3S7	PF3D7_0518100
Q8I3T1	PF3D7_0517700
Q8I3T2	PF3D7_0517600
Q8I3T4	PF3D7_0517400
Q8I3T5	PF3D7_0517300
Q8I3T6	PF3D7_0517200
Q8I3T8	PF3D7_0517000
Q8I3T9	PF3D7_0516900
Q8I3U0	PF3D7_0516800
Q8I3U1	PF3D7_0516700
Q8I3U2	PF3D7_0516600
Q8I3U4	PF3D7_0516400
Q8I3U5	PF3D7_0516300
Q8I3U7	PF3D7_0516100
Q8I3U8	PF3D7_0516000
Q8I3U9	PF3D7_0515900
Q8I3V0	PF3D7_0515800
Q8I3V1	PF3D7_0515700
Q8I3V2	PF3D7_0515600
Q8I3V3	PF3D7_0515500
Q8I3V5	PF3D7_0515300
Q8I3V6	PF3D7_0515200
Q8I3V7	PF3D7_0515100
Q8I3V8	PF3D7_0515000
Q8I3V9	PF3D7_0514900
Q8I3W0	PF3D7_0514800
Q8I3W1	PF3D7_0514700
Q8I3W2	PF3D7_0514600
Q8I3W4	PF3D7_0514300
Q8I3W5	PF3D7_0514200
Q8I3W6	PF3D7_0514100
Q8I3W8	PF3D7_0513900
Q8I3W9	PF3D7_0513800
Q8I3X2	PF3D7_0513500
Q8I3X4	PF3D7_0513300
Q8I3X7	PF3D7_0513000
Q8I3X8	PF3D7_0512900
Q8I3X9	PF3D7_0512800
Q8I3Y0	PF3D7_0512700
Q8I3Y1	PF3D7_0512500
Q8I3Y2	PF3D7_0512400
Q8I3Y3	PF3D7_0512300
Q8I3Y4	PF3D7_0512200
Q8I3Y5	PF3D7_0512100
Q8I3Y6	PF3D7_0512000
Q8I3Y7	PF3D7_0511900
Q8I3Y8	PF3D7_0511800
Q8I3Y9	PF3D7_0511700
Q8I3Z0	PF3D7_0511600
Q8I3Z2	PF3D7_0511400
Q8I3Z3	PF3D7_0511300
Q8I3Z4	PF3D7_0511100
Q8I3Z5	PF3D7_0511000
Q8I3Z8	PF3D7_0510700
Q8I3Z9	PF3D7_0510500
Q8I400	PF3D7_0510400
Q8I401	PF3D7_0510300
Q8I402	PF3D7_0510200
Q8I403	PF3D7_0510100
Q8I404	PF3D7_0510000
Q8I405	PF3D7_0509900
Q8I406	PF3D7_0509800
Q8I407	PF3D7_0509700
Q8I408	PF3D7_0509600
Q8I409	PF3D7_0509500
Q8I412	PF3D7_0509200
Q8I413	PF3D7_0509100
Q8I415	PF3D7_0508800
Q8I416	PF3D7_0508700
Q8I418	PF3D7_0508500
Q8I419	PF3D7_0508400
Q8I420	PF3D7_0508300
Q8I422	PF3D7_0508100
Q8I423	PF3D7_0508000
Q8I425	PF3D7_0507800
Q8I426	PF3D7_0507700
Q8I427	PF3D7_0507600
Q8I429	PF3D7_0507300
Q8I430	PF3D7_0507200
Q8I431	PF3D7_0507100
Q8I432	PF3D7_0507000
Q8I433	PF3D7_0506900
Q8I434	PF3D7_0506800
Q8I435	PF3D7_0506700
Q8I439	PF3D7_0506300
Q8I440	PF3D7_0506200
Q8I441	PF3D7_0506100
Q8I442	PF3D7_0506000
Q8I444	PF3D7_0505800
Q8I445	PF3D7_0505700
Q8I446	PF3D7_0505600
Q8I447	PF3D7_0505500
Q8I448	PF3D7_0505400
Q8I449	PF3D7_0505300
Q8I450	PF3D7_0505200
Q8I455	PF3D7_0504700
Q8I456	PF3D7_0504500
Q8I457	PF3D7_0504400
Q8I458	PF3D7_0504300
Q8I459	PF3D7_0504200
Q8I460	PF3D7_0504100
Q8I461	PF3D7_0504000
Q8I462	PF3D7_0503900
Q8I463	PF3D7_0503800
Q8I465	PF3D7_0503600
Q8I466	PF3D7_0503500
Q8I467	PF3D7_0503400
Q8I468	PF3D7_0503300
Q8I469	PF3D7_0503200
Q8I470	PF3D7_0503100
Q8I472	PF3D7_0502900
Q8I473	PF3D7_0502800
Q8I475	PF3D7_0502500
Q8I476	PF3D7_0502400
Q8I477	PF3D7_0502300
Q8I478	PF3D7_0502200
Q8I479	PF3D7_0502100
Q8I480	PF3D7_0502000
Q8I481	PF3D7_0501900
Q8I482	PF3D7_0501800
Q8I483	PF3D7_0501700
Q8I484	PF3D7_0501600
Q8I485	PF3D7_0501500
Q8I486	PF3D7_0501400
Q8I487	PF3D7_0501300
Q8I488	PF3D7_0501200
Q8I489	PF3D7_0501100
Q8I490	PF3D7_0501000
Q8I491	PF3D7_0500900
Q8I492	PF3D7_0500800
Q8I493	PF3D7_0500500
Q8I494	PF3D7_0500400
Q8I495	PF3D7_0500100
Q8I4N5	PF3D7_1255200
Q8I4N6	PF3D7_1255100
Q8I4N7	PF3D7_1255000
Q8I4N8	PF3D7_0300600
Q8I4N8	PF3D7_0401100
Q8I4N8	PF3D7_1254900
Q8I4N8	PF3D7_1373200
Q8I4N9	PF3D7_1254800
Q8I4P0	PF3D7_1254700
Q8I4P2	PF3D7_1254500
Q8I4P3	PF3D7_1254400
Q8I4P4	PF3D7_1254300
Q8I4P5	PF3D7_1254200
Q8I4P6	PF3D7_1254100
Q8I4P7	PF3D7_1254000
Q8I4P9	PF3D7_1253800
Q8I4Q0	PF3D7_1253700
Q8I4Q2	PF3D7_1253500
Q8I4Q4	PF3D7_1253200
Q8I4Q5	PF3D7_1253100
Q8I4Q6	PF3D7_1253000
Q8I4Q7	PF3D7_1252900
Q8I4Q8	PF3D7_1252800
Q8I4Q9	PF3D7_1252700
Q8I4R0	PF3D7_1252600
Q8I4R3	PF3D7_1252300
Q8I4R4	PF3D7_1252200
Q8I4R4	Pf7G8-2_000401400
Q8I4R4	Pf7G8_120057900
Q8I4R4	PfCD01_120057000
Q8I4R4	PfDd2_120057400
Q8I4R4	PfGA01_120057500
Q8I4R4	PfGB4_120057400
Q8I4R4	PfGN01_120058400
Q8I4R4	PfHB3_120057000
Q8I4R4	PfIT_120057400
Q8I4R4	PfKE01_120057500
Q8I4R4	PfKH01_120058300
Q8I4R4	PfKH02_120056900
Q8I4R4	PfML01_120058300
Q8I4R4	PfNF135_120056600
Q8I4R4	PfNF166_120057800
Q8I4R4	PfNF54_120056000
Q8I4R4	PfSD01_120056900
Q8I4R4	PfSN01_120057600
Q8I4R4	PfTG01_120057200
Q8I4R5	PF3D7_1252100
Q8I4R6	PF3D7_1251800
Q8I4R8	PF3D7_1251600
Q8I4S0	PF3D7_1251400
Q8I4S1	PF3D7_1251300
Q8I4S2	PF3D7_1251200
Q8I4S3	PF3D7_1251100
Q8I4S5	PF3D7_1250900
Q8I4S6	PF3D7_1250800
Q8I4S7	PF3D7_1250700
Q8I4S8	PF3D7_1250600
Q8I4T0	PF3D7_1250400
Q8I4T1	PF3D7_1250300
Q8I4T2	PF3D7_1250200
Q8I4T4	PF3D7_1250000
Q8I4T9	PF3D7_1249500
Q8I4U0	PF3D7_1249400
Q8I4U1	PF3D7_1249300
Q8I4U3	PF3D7_1249100
Q8I4U4	PF3D7_1249000
Q8I4U5	PF3D7_1248900
Q8I4U6	PF3D7_1248800
Q8I4U7	PF3D7_1248700
Q8I4U8	PF3D7_1248600
Q8I4U9	PF3D7_1248500
Q8I4V0	PF3D7_1248400
Q8I4V2	PF3D7_1248200
Q8I4V3	PF3D7_1248100
Q8I4V5	PF3D7_1247900
Q8I4V7	PF3D7_1247500
Q8I4V8	PF3D7_1247400
Q8I4V9	PF3D7_1247300
Q8I4W0	PF3D7_1247200
Q8I4W1	PF3D7_1247100
Q8I4W3	PF3D7_1246900
Q8I4W4	PF3D7_1246800
Q8I4W5	PF3D7_1246700
Q8I4W6	PF3D7_1246600
Q8I4W7	PF3D7_1246500
Q8I4W8	PF3D7_1246400
Q8I4W9	PF3D7_1246300
Q8I4X0	PF3D7_1246200
Q8I4X1	PF3D7_1246100
Q8I4X2	PF3D7_1246000
Q8I4X3	PF3D7_1245900
Q8I4X4	PF3D7_1245800
Q8I4X5	PF3D7_1245600
Q8I4X7	PF3D7_1245400
Q8I4X8	PF3D7_1245300
Q8I4X9	PF3D7_1245200
Q8I4Y0	PF3D7_1245100
Q8I4Y1	PF3D7_1245000
Q8I4Y2	PF3D7_1244900
Q8I4Y3	PF3D7_1244800
Q8I4Y4	PF3D7_1244700
Q8I4Y5	PF3D7_1244600
Q8I4Y6	PF3D7_1244500
Q8I4Y7	PF3D7_1244400
Q8I4Y8	PF3D7_1244200
Q8I4Y9	PF3D7_1244100
Q8I4Z0	PF3D7_1244000
Q8I4Z1	PF3D7_1243900
Q8I4Z2	PF3D7_1243800
Q8I4Z3	PF3D7_1243700
Q8I4Z4	PF3D7_1243600
Q8I4Z6	PF3D7_1243400
Q8I4Z7	PF3D7_1243300
Q8I4Z8	PF3D7_1243100
Q8I4Z9	PF3D7_1243000
Q8I500	PF3D7_1242900
Q8I501	PF3D7_1242800
Q8I502	PF3D7_1242700
Q8I503	PF3D7_1242600
Q8I504	PF3D7_1242500
Q8I505	PF3D7_1242400
Q8I506	PF3D7_1242300
Q8I507	PF3D7_1242200
Q8I508	PF3D7_1242100
Q8I509	PF3D7_1242000
Q8I510	PF3D7_1241900
Q8I511	PF3D7_1241800
Q8I512	PF3D7_1241700
Q8I513	PF3D7_1241600
Q8I514	PF3D7_1241500
Q8I515	PF3D7_1241400
Q8I516	PF3D7_1241300
Q8I517	PF3D7_1241200
Q8I518	PF3D7_1241100
Q8I519	PF3D7_1240600
Q8I520	PF3D7_1240400
Q8I521	PF3D7_1240300
Q8I522	PF3D7_1240100
Q8I523	PF3D7_1240000
Q8I524	PF3D7_1239900
Q8I526	PF3D7_1239700
Q8I527	PF3D7_1239600
Q8I528	PF3D7_1239500
Q8I529	PF3D7_1239400
Q8I530	PF3D7_1239300
Q8I531	PF3D7_1239200
Q8I532	PF3D7_1239100
Q8I533	PF3D7_1239000
Q8I534	PF3D7_1238900
Q8I535	PF3D7_1238800
Q8I537	PF3D7_1238600
Q8I538	PF3D7_1238500
Q8I540	PF3D7_1238300
Q8I541	PF3D7_1238200
Q8I542	PF3D7_1238100
Q8I544	PF3D7_1237900
Q8I545	PF3D7_1237800
Q8I546	PF3D7_1237700
Q8I548	PF3D7_1237500
Q8I549	PF3D7_1237400
Q8I550	PF3D7_1237300
Q8I551	PF3D7_1237200
Q8I553	PF3D7_1237000
Q8I554	PF3D7_1236900
Q8I555	PF3D7_1236800
Q8I556	PF3D7_1236700
Q8I557	PF3D7_1236600
Q8I558	PF3D7_1236500
Q8I559	PF3D7_1236400
Q8I560	PF3D7_1236300
Q8I561	PF3D7_1236200
Q8I562	PF3D7_1236100
Q8I563	PF3D7_1236000
Q8I565	PF3D7_1235800
Q8I566	PF3D7_1235600
Q8I567	PF3D7_1235500
Q8I568	PF3D7_1235400
Q8I569	PF3D7_1235300
Q8I570	PF3D7_1235200
Q8I571	PF3D7_1235100
Q8I572	PF3D7_1235000
Q8I573	PF3D7_1234900
Q8I574	PF3D7_1234800
Q8I575	PF3D7_1234700
Q8I576	PF3D7_1234600
Q8I577	PF3D7_1234500
Q8I578	PF3D7_1234400
Q8I579	PF3D7_1234300
Q8I582	PF3D7_1234000
Q8I583	PF3D7_1233900
Q8I584	PF3D7_1233800
Q8I585	PF3D7_1233700
Q8I589	PF3D7_1233300
Q8I591	PF3D7_1233100
Q8I592	PF3D7_1233000
Q8I596	PF3D7_1232600
Q8I598	PF3D7_1232400
Q8I599	PF3D7_1232300
Q8I5A0	PF3D7_1232200
Q8I5A1	PF3D7_1232000
Q8I5A2	PF3D7_1231900
Q8I5A3	PF3D7_1231800
Q8I5A4	PF3D7_1231600
Q8I5A5	PF3D7_1231500
Q8I5A6	PF3D7_1231400
Q8I5A7	PF3D7_1231300
Q8I5A8	PF3D7_1231200
Q8I5A9	PF3D7_1231100
Q8I5B2	PF3D7_1230800
Q8I5B3	PF3D7_1230700
Q8I5B4	PF3D7_1230600
Q8I5B5	PF3D7_1230500
Q8I5B6	PF3D7_1230400
Q8I5B7	PF3D7_1230300
Q8I5B9	PF3D7_1230100
Q8I5C3	PF3D7_1229600
Q8I5C4	PF3D7_1229500
Q8I5C5	PF3D7_1229400
Q8I5C6	PF3D7_1229300
Q8I5C7	PF3D7_1229100
Q8I5C8	PF3D7_1229000
Q8I5C9	PF3D7_1228900
Q8I5D1	PF3D7_1228700
Q8I5D2	PF3D7_1228600
Q8I5D2	Pf7G8-2_000378400
Q8I5D2	Pf7G8_120034100
Q8I5D2	PfCD01_120033500
Q8I5D2	PfDd2_120033600
Q8I5D2	PfGA01_120033300
Q8I5D2	PfGB4_120034000
Q8I5D2	PfGN01_120034600
Q8I5D2	PfHB3_120033400
Q8I5D2	PfIT_120033700
Q8I5D2	PfKE01_120033600
Q8I5D2	PfKH01_120035000
Q8I5D2	PfKH02_120033700
Q8I5D2	PfNF135_120033800
Q8I5D2	PfNF54_120033400
Q8I5D2	PfSD01_120033500
Q8I5D2	PfSN01_120034200
Q8I5D2	PfTG01_120033500
Q8I5D3	PF3D7_1228500
Q8I5D4	PF3D7_1228400
Q8I5D5	PF3D7_1228300
Q8I5D6	PF3D7_1228200
Q8I5D7	PF3D7_1228100
Q8I5D8	PF3D7_1228000
Q8I5D9	PF3D7_1227900
Q8I5E0	PF3D7_1227800
Q8I5E1	PF3D7_1227700
Q8I5E2	PF3D7_1227600
Q8I5E3	PF3D7_1227500
Q8I5E4	PF3D7_1227400
Q8I5E5	PF3D7_1227300
Q8I5E6	PF3D7_1227200
Q8I5E7	PF3D7_1227100
Q8I5E8	PF3D7_1227000
Q8I5E9	PF3D7_1226900
Q8I5F0	PF3D7_1226800
Q8I5F1	PF3D7_1226700
Q8I5F2	PF3D7_1226500
Q8I5F3	PF3D7_1226400
Q8I5F4	PF3D7_1226300
Q8I5F5	PF3D7_1226200
Q8I5F6	PF3D7_1226100
Q8I5F7	PF3D7_1226000
Q8I5F8	PF3D7_1225900
Q8I5F9	PF3D7_1225800
Q8I5G0	PF3D7_1225700
Q8I5G1	PF3D7_1225600
Q8I5G2	PF3D7_1225500
Q8I5G3	PF3D7_1225400
Q8I5G4	PF3D7_1225300
Q8I5G5	PF3D7_1225200
Q8I5G6	PF3D7_1225100
Q8I5G7	PF3D7_1225000
Q8I5G8	PF3D7_1224900
Q8I5G9	PF3D7_1224800
Q8I5H0	PF3D7_1224700
Q8I5H1	PF3D7_1224600
Q8I5H2	PF3D7_1224500
Q8I5H3	PF3D7_1224400
Q8I5H4	PF3D7_1224300
Q8I5H5	PF3D7_1224200
Q8I5H6	PF3D7_1224100
Q8I5H7	PF3D7_1224000
Q8I5H8	PF3D7_1223900
Q8I5H9	PF3D7_1223800
Q8I5I0	PF3D7_1223700
Q8I5I1	PF3D7_1223600
Q8I5I3	PF3D7_1223400
Q8I5I4	PF3D7_1223200
Q8I5I5	PF3D7_1223000
Q8I5I6	PF3D7_1222900
Q8I5I7	PF3D7_1222800
Q8I5I8	PF3D7_1222700
Q8I5I9	PF3D7_1222600
Q8I5J0	PF3D7_1222500
Q8I5J1	PF3D7_1222400
Q8I5J2	PF3D7_1222100
Q8I5J3	PF3D7_1222000
Q8I5J4	PF3D7_1221900
Q8I5J5	PF3D7_1221800
Q8I5J6	PF3D7_1221700
Q8I5J7	PF3D7_1221600
Q8I5J8	PF3D7_1221500
Q8I5J9	PF3D7_1221400
Q8I5K0	PF3D7_1221300
Q8I5K1	PF3D7_1221200
Q8I5K3	PF3D7_1221000
Q8I5K4	PF3D7_1220900
Q8I5K7	PF3D7_1220600
Q8I5K8	PF3D7_1220500
Q8I5K9	PF3D7_1220400
Q8I5L1	PF3D7_1220100
Q8I5L2	PF3D7_1220000
Q8I5L3	PF3D7_1219900
Q8I5L4	PF3D7_1219600
Q8I5L5	PF3D7_1219300
Q8I5L6	PF3D7_1219100
Q8I5L8	PF3D7_1218900
Q8I5L9	PF3D7_1218800
Q8I5M1	PF3D7_1218700
Q8I5M2	PF3D7_1218600
Q8I5M3	PF3D7_1218500
Q8I5M4	PF3D7_1218400
Q8I5M5	PF3D7_1218300
Q8I5M6	PF3D7_1218200
Q8I5M8	PF3D7_1218000
Q8I5M9	PF3D7_1217900
Q8I5N0	PF3D7_1217800
Q8I5N1	PF3D7_1217700
Q8I5N2	PF3D7_1217600
Q8I5N3	PF3D7_1217500
Q8I5N4	PF3D7_1217400
Q8I5N7	PF3D7_1217100
Q8I5N8	PF3D7_1217000
Q8I5N9	PF3D7_1216900
Q8I5P0	PF3D7_1216700
Q8I5P1	PF3D7_1216600
Q8I5P2	PF3D7_1216500
Q8I5P3	PF3D7_1216400
Q8I5P4	PF3D7_1216300
Q8I5P5	PF3D7_1216200
Q8I5P6	PF3D7_1216100
Q8I5P7	PF3D7_1216000
Q8I5P8	PF3D7_1215900
Q8I5P9	PF3D7_1215800
Q8I5Q0	PF3D7_1215700
Q8I5Q1	PF3D7_1215600
Q8I5Q2	PF3D7_1215400
Q8I5Q3	PF3D7_1215300
Q8I5Q4	PF3D7_1215200
Q8I5Q5	PF3D7_1215100
Q8I5Q6	PF3D7_1215000
Q8I5Q7	PF3D7_1214900
Q8I5Q8	PF3D7_1214800
Q8I5Q9	PF3D7_1214700
Q8I5R0	PF3D7_1214600
Q8I5R2	PF3D7_1214400
Q8I5R3	PF3D7_1214200
Q8I5R4	PF3D7_1214100
Q8I5R5	PF3D7_1214000
Q8I5R7	PF3D7_1213800
Q8I5R8	PF3D7_1213700
Q8I5R9	PF3D7_1213600
Q8I5S0	PF3D7_1213500
Q8I5S1	PF3D7_1213400
Q8I5S2	PF3D7_1213300
Q8I5S3	PF3D7_1213200
Q8I5S4	PF3D7_1212900
Q8I5S5	PF3D7_1212800
Q8I5S6	PF3D7_1212700
Q8I5S7	PF3D7_1212500
Q8I5S8	PF3D7_1212400
Q8I5S9	PF3D7_1212300
Q8I5T0	PF3D7_1212200
Q8I5T1	PF3D7_1212100
Q8I5T2	PF3D7_1212000
Q8I5T4	PF3D7_1211700
Q8I5T6	PF3D7_1211500
Q8I5T7	PF3D7_1211300
Q8I5T8	PF3D7_1211200
Q8I5T9	PF3D7_1211100
Q8I5U0	PF3D7_1211000
Q8I5U1	PF3D7_1210900
Q8I5U2	PF3D7_1210700
Q8I5U3	PF3D7_1210600
Q8I5U4	PF3D7_1210500
Q8I5U5	PF3D7_1210400
Q8I5U6	PF3D7_1210300
Q8I5U7	PF3D7_1210200
Q8I5U8	PF3D7_1210100
Q8I5U9	PF3D7_1210000
Q8I5V0	PF3D7_1209900
Q8I5V1	PF3D7_1209800
Q8I5V2	PF3D7_1209700
Q8I5V3	PF3D7_1209600
Q8I5V4	PF3D7_1209500
Q8I5V4	Pf7G8_120014500
Q8I5V4	PfCD01_120014500
Q8I5V4	PfDd2_120014300
Q8I5V4	PfGA01_120014500
Q8I5V4	PfGB4_120014500
Q8I5V4	PfGN01_120015900
Q8I5V4	PfHB3_120014700
Q8I5V4	PfIT_120014900
Q8I5V4	PfKE01_120014900
Q8I5V4	PfKH01_120016000
Q8I5V4	PfKH02_120014900
Q8I5V4	PfML01_120015000
Q8I5V4	PfSD01_120014600
Q8I5V4	PfSN01_120015500
Q8I5V4	PfTG01_120014900
Q8I5V5	PF3D7_1209400
Q8I5V6	PF3D7_1209200
Q8I5V7	PF3D7_1209100
Q8I5V8	PF3D7_1209000
Q8I5V9	PF3D7_1208900
Q8I5W0	PF3D7_1208800
Q8I5W1	PF3D7_1208700
Q8I5W2	PF3D7_1208600
Q8I5W3	PF3D7_1208500
Q8I5W4	PF3D7_1208400
Q8I5W7	PF3D7_1208000
Q8I5W9	PF3D7_1207800
Q8I5X0	PF3D7_1207500
Q8I5X1	PF3D7_1207400
Q8I5X2	PF3D7_1207300
Q8I5X4	PF3D7_1207100
Q8I5X5	PF3D7_1207000
Q8I5X7	PF3D7_1206800
Q8I5X8	PF3D7_1206700
Q8I5X9	PF3D7_1206600
Q8I5Y0	PF3D7_1206500
Q8I5Y1	PF3D7_1206400
Q8I5Y3	PF3D7_1206200
Q8I5Y5	PF3D7_1206000
Q8I5Y6	PF3D7_1205900
Q8I5Y7	PF3D7_1205800
Q8I5Y8	PF3D7_1205700
Q8I5Y9	PF3D7_1205600
Q8I5Z0	PF3D7_1205500
Q8I5Z1	PF3D7_1205400
Q8I5Z3	PF3D7_1205200
Q8I5Z4	PF3D7_1205100
Q8I5Z5	PF3D7_1205000
Q8I5Z6	PF3D7_1204900
Q8I5Z8	PF3D7_1204700
Q8I5Z9	PF3D7_1204600
Q8I600	PF3D7_1204500
Q8I601	PF3D7_1204400
Q8I603	PF3D7_1204300
Q8I604	PF3D7_1204200
Q8I605	PF3D7_1204100
Q8I607	PF3D7_1203900
Q8I608	PF3D7_1203700
Q8I609	PF3D7_1203600
Q8I610	PF3D7_1203500
Q8I611	PF3D7_1203400
Q8I612	PF3D7_1203300
Q8I613	PF3D7_1203200
Q8I614	PF3D7_1203100
Q8I615	PF3D7_1203000
Q8I616	PF3D7_1202900
Q8I617	PF3D7_1202800
Q8I618	PF3D7_1202700
Q8I621	PF3D7_1202400
Q8I623	PF3D7_1202200
Q8I624	PF3D7_1202100
Q8I626	PF3D7_1201900
Q8I627	PF3D7_1201800
Q8I628	PF3D7_1201700
Q8I629	PF3D7_1201600
Q8I630	PF3D7_1201500
Q8I631	PF3D7_1201400
Q8I632	PF3D7_1201300
Q8I633	PF3D7_1201200
Q8I634	PF3D7_1201100
Q8I635	PF3D7_1201000
Q8I636	PF3D7_1200900
Q8I637	PF3D7_1200800
Q8I638	PF3D7_1200700
Q8I641	PF3D7_1200300
Q8I642	PF3D7_1200200
Q8I643	PF3D7_1200100
Q8I651	PF3D7_0221800
Q8I652	PF3D7_0221200
Q8I653	PF3D7_0220700
Q8I654	PF3D7_0220300
Q8I655	PF3D7_0219400
Q8I656	PF3D7_0219300
Q8I657	PF3D7_0217700
Q8I659	PF3D7_0216700
Q8I660	PF3D7_0215100
Q8I661	PF3D7_0211300
Q8I662	PF3D7_0208700
Q8I665	PF3D7_0204200
Q8I666	PF3D7_0203800
Q8I668	PF3D7_0203400
Q8I669	PF3D7_0202200
Q8I670	PF3D7_0201100
Q8I6S4	PF3D7_0804800
Q8I6S5	PF3D7_0820700
Q8I6S7	PF3D7_0702600
Q8I6T0	PF3D7_1365500
Q8I6T1	PF3D7_1346700
Q8I6T2	PF3D7_1345700
Q8I6T3	PF3D7_1328100
Q8I6T4	PF3D7_1323000
Q8I6T5	PF3D7_1314500
Q8I6T6	PF3D7_1311700
Q8I6T7	PF3D7_1311300
Q8I6T8	PF3D7_1310900
Q8I6U4	PF3D7_1115700
Q8I6U5	PF3D7_1115300
Q8I6U5	Pf7G8-2_000338100
Q8I6U5	Pf7G8_110018900
Q8I6U5	PfCD01_110020700
Q8I6U5	PfDd2_110018300
Q8I6U5	PfGA01_140063400
Q8I6U5	PfGB4_140064100
Q8I6U5	PfGN01_110019800
Q8I6U5	PfHB3_110018400
Q8I6U5	PfIT_110019600
Q8I6U5	PfKE01_110019800
Q8I6U5	PfKH01_110019400
Q8I6U5	PfKH02_110020300
Q8I6U5	PfML01_110020100
Q8I6U5	PfNF135_110018500
Q8I6U5	PfNF166_110018700
Q8I6U5	PfNF54_110019600
Q8I6U5	PfSD01_110017900
Q8I6U5	PfSN01_110018400
Q8I6U5	PfTG01_110019700
Q8I6U7	PF3D7_1022500
Q8I6U8	PF3D7_1016300
Q8I6U9	PF3D7_1462700
Q8I6V1	PF3D7_1447300
Q8I6V2	PF3D7_1430900
Q8I6V3	PF3D7_1408000
Q8I6Z1	PF3D7_0731600
Q8I6Z2	PF3D7_0729500
Q8I6Z3	PF3D7_0722100
Q8I6Z4	PF3D7_1368200
Q8I6Z5	PF3D7_1323500
Q8I6Z7	PF3D7_1321500
Q8I6Z8	PF3D7_1317000
Q8I6Z9	PF3D7_1312000
Q8I700	PF3D7_1309500
Q8I701	PF3D7_1302600
Q8I713	PF3D7_1109900
Q8I714	PF3D7_1105500
Q8I715	PF3D7_1018000
Q8I716	PF3D7_1005000
Q8I717	PF3D7_1471000
Q8I718	PF3D7_1454100
Q8I719	PF3D7_1436600
Q8I720	PF3D7_1414600
Q8IAK1	PF3D7_0800100
Q8IAK4	PF3D7_0800500
Q8IAK5	PF3D7_0800600
Q8IAK7	PF3D7_0800800
Q8IAK9	PF3D7_0801000
Q8IAL0	PF3D7_0801300
Q8IAL3	PF3D7_0801500
Q8IAL4	PF3D7_0801600
Q8IAL6	PF3D7_0801800
Q8IAM0	PF3D7_0802000
Q8IAM1	PF3D7_0802100
Q8IAM2	PF3D7_0802200
Q8IAM3	PF3D7_0802300
Q8IAM4	PF3D7_0802400
Q8IAM7	PF3D7_0802700
Q8IAM8	PF3D7_0802800
Q8IAN0	PF3D7_0803000
Q8IAN1	PF3D7_0803100
Q8IAN2	PF3D7_0803200
Q8IAN3	PF3D7_0803300
Q8IAN4	PF3D7_0803400
Q8IAN5	PF3D7_0803500
Q8IAN7	PF3D7_0803700
Q8IAN8	PF3D7_0804000
Q8IAN9	PF3D7_0804300
Q8IAP0	PF3D7_0804400
Q8IAP4	PF3D7_0804900
Q8IAP6	PF3D7_0805100
Q8IAP7	PF3D7_0805200
Q8IAP8	PF3D7_0805300
Q8IAQ4	PF3D7_0806400
Q8IAQ5	PF3D7_0806500
Q8IAQ8	PF3D7_0806800
Q8IAR1	PF3D7_0807100
Q8IAR3	PF3D7_0807500
Q8IAR5	PF3D7_0807700
Q8IAR5	PfDd2_080012900
Q8IAR5	PfGB4_080012300
Q8IAR5	PfIT_080012800
Q8IAR5	PfKE01_080013300
Q8IAR5	PfKH02_080013100
Q8IAR5	PfNF166_080011800
Q8IAR5	PfNF54_080011700
Q8IAR5	PfSN01_080011800
Q8IAR6	PF3D7_0807800
Q8IAR7	PF3D7_0807900
Q8IAS0	PF3D7_0808200
Q8IAS1	PF3D7_0808300
Q8IAS3	PF3D7_0808600
Q8IAS4	PF3D7_0808700
Q8IAS5	PF3D7_0808800
Q8IAS6	PF3D7_0808900
Q8IAS7	PF3D7_0809100
Q8IAS8	PF3D7_0809200
Q8IAS9	PF3D7_0809400
Q8IAT2	PF3D7_0809700
Q8IAT4	PF3D7_0809900
Q8IAT5	PF3D7_0810000
Q8IAT7	PF3D7_0810200
Q8IAU0	PF3D7_0810500
Q8IAU1	PF3D7_0810600
Q8IAU3	PF3D7_0810800
Q8IAU4	PF3D7_0810900
Q8IAU5	PF3D7_0811000
Q8IAU6	PF3D7_0811100
Q8IAU7	PF3D7_0811200
Q8IAV1	PF3D7_0811600
Q8IAV2	PF3D7_0811700
Q8IAV3	PF3D7_0811800
Q8IAV5	PF3D7_0812000
Q8IAV6	PF3D7_0812100
Q8IAV9	PF3D7_0812300
Q8IAW0	PF3D7_0812400
Q8IAW1	PF3D7_0812500
Q8IAW2	PF3D7_0812600
Q8IAW3	PF3D7_0812700
Q8IAW4	PF3D7_0812900
Q8IAW6	PF3D7_0813100
Q8IAW7	PF3D7_0813200
Q8IAX1	PF3D7_0813500
Q8IAX2	PF3D7_0813600
Q8IAX3	PF3D7_0813700
Q8IAX4	PF3D7_0813800
Q8IAX5	PF3D7_0813900
Q8IAX6	PF3D7_0814000
Q8IAX8	PF3D7_0814200
Q8IAX9	PF3D7_0814300
Q8IAY0	PF3D7_0814400
Q8IAY2	PF3D7_0814500
Q8IAY3	PF3D7_0814600
Q8IAY4	PF3D7_0814700
Q8IAY6	PF3D7_0814900
Q8IAY8	PF3D7_0815100
Q8IAY9	PF3D7_0815200
Q8IAZ0	PF3D7_0815300
Q8IAZ1	PF3D7_0815400
Q8IAZ2	PF3D7_0815500
Q8IAZ3	PF3D7_0815600
Q8IAZ5	PF3D7_0815800
Q8IAZ6	PF3D7_0815900
Q8IAZ7	PF3D7_0816000
Q8IAZ8	PF3D7_0816100
Q8IAZ9	PF3D7_0816200
Q8IB02	PF3D7_0816500
Q8IB03	PF3D7_0816600
Q8IB05	PF3D7_0816800
Q8IB06	PF3D7_0816900
Q8IB06	Pf7G8-2_000232200
Q8IB06	Pf7G8_080022000
Q8IB06	PfCD01_080022500
Q8IB06	PfDd2_080022100
Q8IB06	PfGA01_080020600
Q8IB06	PfGB4_080021700
Q8IB06	PfGN01_080022600
Q8IB06	PfHB3_080022400
Q8IB06	PfIT_080021900
Q8IB06	PfKE01_080022500
Q8IB06	PfKH01_080022000
Q8IB06	PfKH02_080022500
Q8IB06	PfML01_080022500
Q8IB06	PfNF135_000023500
Q8IB06	PfNF166_080020700
Q8IB06	PfNF54_080020700
Q8IB06	PfSD01_080022300
Q8IB06	PfSN01_080021500
Q8IB06	PfTG01_080022800
Q8IB08	PF3D7_0817200
Q8IB09	PF3D7_0817300
Q8IB11	PF3D7_0817600
Q8IB13	PF3D7_0817800
Q8IB14	PF3D7_0817900
Q8IB16	PF3D7_0818100
Q8IB18	PF3D7_0818300
Q8IB20	PF3D7_0818500
Q8IB23	PF3D7_0818800
Q8IB24	PF3D7_0818900
Q8IB25	PF3D7_0819000
Q8IB26	PF3D7_0819100
Q8IB29	PF3D7_0819400
Q8IB31	PF3D7_0819600
Q8IB33	PF3D7_0819800
Q8IB37	PF3D7_0820200
Q8IB38	PF3D7_0820300
Q8IB39	PF3D7_0820400
Q8IB40	PF3D7_0820500
Q8IB41	PF3D7_0820600
Q8IB42	PF3D7_0820800
Q8IB43	PF3D7_0820900
Q8IB44	PF3D7_0821000
Q8IB46	PF3D7_0821200
Q8IB47	PF3D7_0821300
Q8IB48	PF3D7_0821400
Q8IB49	PF3D7_0821500
Q8IB50	PF3D7_0821600
Q8IB51	PF3D7_0821700
Q8IB54	PF3D7_0822000
Q8IB55	PF3D7_0822100
Q8IB57	PF3D7_0822300
Q8IB59	PF3D7_0822500
Q8IB60	PF3D7_0822600
Q8IB63	PF3D7_0822900
Q8IB64	PF3D7_0823000
Q8IB66	PF3D7_0823200
Q8IB67	PF3D7_0823300
Q8IB69	PF3D7_0823500
Q8IB70	PF3D7_0823600
Q8IB71	PF3D7_0823700
Q8IB72	PF3D7_0823800
Q8IB73	PF3D7_0823900
Q8IB74	PF3D7_0824000
Q8IB75	PF3D7_0824100
Q8IB77	PF3D7_0824300
Q8IB78	PF3D7_0824400
Q8IB79	PF3D7_0824500
Q8IB82	PF3D7_0824800
Q8IB83	PF3D7_0824900
Q8IB85	PF3D7_0825100
Q8IB86	PF3D7_0825200
Q8IB87	PF3D7_0825300
Q8IB88	PF3D7_0825500
Q8IB89	PF3D7_0825600
Q8IB90	PF3D7_0825700
Q8IB92	PF3D7_0825900
Q8IB93	PF3D7_0826000
Q8IB95	PF3D7_0826200
Q8IB96	PF3D7_0826300
Q8IB97	PF3D7_0826400
Q8IB99	PF3D7_0826600
Q8IBA0	PF3D7_0826700
Q8IBA2	PF3D7_0827000
Q8IBA3	PF3D7_0827100
Q8IBA4	PF3D7_0827200
Q8IBA5	PF3D7_0827300
Q8IBA6	PF3D7_0827400
Q8IBA8	PF3D7_0827600
Q8IBA9	PF3D7_0827700
Q8IBB0	PF3D7_0827800
Q8IBB3	PF3D7_0828200
Q8IBB4	PF3D7_0828300
Q8IBB5	PF3D7_0828400
Q8IBB6	PF3D7_0828500
Q8IBB7	PF3D7_0828600
Q8IBB8	PF3D7_0828700
Q8IBB9	PF3D7_0828800
Q8IBC0	PF3D7_0828900
Q8IBC1	PF3D7_0829000
Q8IBC3	PF3D7_0829200
Q8IBC9	PF3D7_0830300
Q8IBD0	PF3D7_0830400
Q8IBD1	PF3D7_0830500
Q8IBD2	PF3D7_0830600
Q8IBD3	PF3D7_0830700
Q8IBD4	PF3D7_0830800
Q8IBD5	PF3D7_0830900
Q8IBD6	PF3D7_0831000
Q8IBD8	PF3D7_0733000
Q8IBD9	PF3D7_0732900
Q8IBE2	PF3D7_0732400
Q8IBE3	PF3D7_0732300
Q8IBE4	PF3D7_0732200
Q8IBE5	PF3D7_0732000
Q8IBE7	PF3D7_0731700
Q8IBE8	PF3D7_0731500
Q8IBE9	PF3D7_0731300
Q8IBF0	PF3D7_0731200
Q8IBF1	PF3D7_0731100
Q8IBF2	PF3D7_0730900
Q8IBF3	PF3D7_0730800
Q8IBF5	PF3D7_0730400
Q8IBF6	PF3D7_0730300
Q8IBF8	PF3D7_0730200
Q8IBF9	PF3D7_0730100
Q8IBG0	PF3D7_0730000
Q8IBG2	PF3D7_0729800
Q8IBG3	PF3D7_0729700
Q8IBG5	PF3D7_0729400
Q8IBG6	PF3D7_0729300
Q8IBH0	PF3D7_0728800
Q8IBH1	PF3D7_0728700
Q8IBH2	PF3D7_0728600
Q8IBH3	PF3D7_0728400
Q8IBH4	PF3D7_0728300
Q8IBH5	PF3D7_0728200
Q8IBH7	PF3D7_0728000
Q8IBH8	PF3D7_0727900
Q8IBH9	PF3D7_0727800
Q8IBI0	PF3D7_0727700
Q8IBI2	PF3D7_0727500
Q8IBI3	PF3D7_0727400
Q8IBI4	PF3D7_0727300
Q8IBI5	PF3D7_0727200
Q8IBI7	PF3D7_0727000
Q8IBI8	PF3D7_0726900
Q8IBI9	PF3D7_0726700
Q8IBJ0	PF3D7_0726600
Q8IBJ3	PF3D7_0726300
Q8IBJ5	PF3D7_0726100
Q8IBJ7	PF3D7_0725400
Q8IBJ8	PF3D7_0725300
Q8IBJ9	PF3D7_0725200
Q8IBK0	PF3D7_0725100
Q8IBK1	PF3D7_0725000
Q8IBK2	PF3D7_0724900
Q8IBK3	PF3D7_0724800
Q8IBK6	PF3D7_0724600
Q8IBK7	PF3D7_0724500
Q8IBK8	PF3D7_0724400
Q8IBK9	PF3D7_0724300
Q8IBL0	PF3D7_0724200
Q8IBL1	PF3D7_0724100
Q8IBL4	PF3D7_0723900
Q8IBL5	PF3D7_0723800
Q8IBL6	PF3D7_0723700
Q8IBL7	PF3D7_0723600
Q8IBL8	PF3D7_0723500
Q8IBL9	PF3D7_0723400
Q8IBM0	PF3D7_0723300
Q8IBM1	PF3D7_0723200
Q8IBM2	PF3D7_0723100
Q8IBM3	PF3D7_0723000
Q8IBM4	PF3D7_0722900
Q8IBM5	PF3D7_0722800
Q8IBM6	PF3D7_0722700
Q8IBM7	PF3D7_0722600
Q8IBM8	PF3D7_0722500
Q8IBM9	PF3D7_0722400
Q8IBN0	PF3D7_0722300
Q8IBN1	PF3D7_0722200
Q8IBN2	PF3D7_0722000
Q8IBN3	PF3D7_0721800
Q8IBN4	PF3D7_0721700
Q8IBN5	PF3D7_0721600
Q8IBN6	PF3D7_0721500
Q8IBN7	PF3D7_0721400
Q8IBN8	PF3D7_0721300
Q8IBN9	PF3D7_0721200
Q8IBP0	PF3D7_0721100
Q8IBP3	PF3D7_0720800
Q8IBP4	PF3D7_0720700
Q8IBP6	PF3D7_0720600
Q8IBP8	PF3D7_0720400
Q8IBP9	PF3D7_0720300
Q8IBQ0	PF3D7_0720200
Q8IBQ1	PF3D7_0720100
Q8IBQ2	PF3D7_0720000
Q8IBQ4	PF3D7_0719800
Q8IBQ5	PF3D7_0719700
Q8IBQ6	PF3D7_0719600
Q8IBQ8	PF3D7_0719400
Q8IBQ9	PF3D7_0719300
Q8IBR0	PF3D7_0719100
Q8IBR1	PF3D7_0719000
Q8IBR4	PF3D7_0718700
Q8IBR6	PF3D7_0718500
Q8IBR7	PF3D7_0718400
Q8IBR8	PF3D7_0718300
Q8IBR9	PF3D7_0718100
Q8IBS1	PF3D7_0717900
Q8IBS2	PF3D7_0717800
Q8IBS3	PF3D7_0717700
Q8IBS5	PF3D7_0717500
Q8IBS6	PF3D7_0717400
Q8IBT1	PF3D7_0716900
Q8IBT2	PF3D7_0716800
Q8IBT3	PF3D7_0716700
Q8IBT4	PF3D7_0716600
Q8IBT7	PF3D7_0716300
Q8IBT8	PF3D7_0716200
Q8IBT9	PF3D7_0716100
Q8IBU0	PF3D7_0716000
Q8IBU1	PF3D7_0715900
Q8IBU2	PF3D7_0715800
Q8IBU3	PF3D7_0715700
Q8IBU4	PF3D7_0715600
Q8IBU5	PF3D7_0715500
Q8IBU8	PF3D7_0715200
Q8IBU9	PF3D7_0715100
Q8IBV0	PF3D7_0715000
Q8IBV1	PF3D7_0714600
Q8IBV2	PF3D7_0714500
Q8IBV3	PF3D7_0714400
Q8IBV4	PF3D7_0714300
Q8IBV5	PF3D7_0714200
Q8IBV6	PF3D7_0714100
Q8IBV7	PF3D7_0714000
Q8IBV9	PF3D7_0713800
Q8IBW2	PF3D7_0713500
Q8IBW3	PF3D7_0713400
Q8IBW5	PF3D7_0713100
Q8IBW6	PF3D7_0713000
Q8IBW7	PF3D7_0712900
Q8IBW8	PF3D7_0712800
Q8IBW9	PF3D7_0712600
Q8IBX0	PF3D7_0712400
Q8IBX1	PF3D7_0712300
Q8IBX2	PF3D7_0712000
Q8IBX3	PF3D7_0711700
Q8IBX6	PF3D7_0711400
Q8IBX7	PF3D7_0711300
Q8IBX8	PF3D7_0711200
Q8IBX9	PF3D7_0711100
Q8IBY1	PF3D7_0710900
Q8IBY2	PF3D7_0710800
Q8IBY3	PF3D7_0710700
Q8IBY4	PF3D7_0710600
Q8IBY5	PF3D7_0710500
Q8IBY9	PF3D7_0710100
Q8IBZ1	PF3D7_0709900
Q8IBZ2	PF3D7_0709700
Q8IBZ4	PF3D7_0709500
Q8IBZ5	PF3D7_0709400
Q8IBZ7	PF3D7_0709200
Q8IBZ8	PF3D7_0709100
Q8IBZ9	PF3D7_0709000
Q8IC00	PF3D7_0708900
Q8IC01	PF3D7_0708800
Q8IC02	PF3D7_0708700
Q8IC03	PF3D7_0708600
Q8IC04	PF3D7_0708500
Q8IC05	PF3D7_0708400
Q8IC06	PF3D7_0708300
Q8IC07	PF3D7_0708200
Q8IC08	PF3D7_0708100
Q8IC10	PF3D7_0707900
Q8IC11	PF3D7_0707800
Q8IC12	PF3D7_0707700
Q8IC13	PF3D7_0707600
Q8IC14	PF3D7_0707500
Q8IC16	PF3D7_0705400
Q8IC17	PF3D7_0705300
Q8IC18	PF3D7_0705200
Q8IC19	PF3D7_0705100
Q8IC20	PF3D7_0705000
Q8IC21	PF3D7_0704900
Q8IC22	PF3D7_0704800
Q8IC23	PF3D7_0704700
Q8IC26	PF3D7_0704400
Q8IC28	PF3D7_0704200
Q8IC32	PF3D7_0703800
Q8IC33	PF3D7_0703700
Q8IC35	PF3D7_0703500
Q8IC37	PF3D7_0703300
Q8IC38	PF3D7_0703200
Q8IC39	PF3D7_0703100
Q8IC40	PF3D7_0703000
Q8IC42	PF3D7_0702500
Q8IC43	PF3D7_0702400
Q8IC44	PF3D7_0702300
Q8IC45	PF3D7_0702200
Q8IC48	PF3D7_0701900
Q8IC49	PF3D7_0701800
Q8IC50	PF3D7_0701700
Q8ID12	PF3D7_1373500
Q8ID17	PF3D7_1369300
Q8ID22	PF3D7_1368800
Q8ID23	PF3D7_1368700
Q8ID24	PF3D7_1368600
Q8ID26	PF3D7_1368400
Q8ID28	PF3D7_1368100
Q8ID30	PF3D7_1367800
Q8ID31	PF3D7_1367700
Q8ID32	PF3D7_1367600
Q8ID33	PF3D7_1367500
Q8ID34	PF3D7_1367400
Q8ID35	PF3D7_1367300
Q8ID37	PF3D7_1367100
Q8ID38	PF3D7_1367000
Q8ID39	PF3D7_1366900
Q8ID41	PF3D7_1366700
Q8ID42	PF3D7_1366600
Q8ID43	PF3D7_1366500
Q8ID49	PF3D7_1366000
Q8ID50	PF3D7_1365900
Q8ID52	PF3D7_1365700
Q8ID53	PF3D7_1365600
Q8ID54	PF3D7_1365400
Q8ID56	PF3D7_1365100
Q8ID58	PF3D7_1364900
Q8ID59	PF3D7_1364800
Q8ID61	PF3D7_1364600
Q8ID62	PF3D7_1364500
Q8ID66	PF3D7_1364100
Q8ID74	PF3D7_1363200
Q8ID84	PF3D7_1362300
Q8ID85	PF3D7_1362200
Q8ID92	PF3D7_1361400
Q8ID94	PF3D7_1361200
Q8ID96	PF3D7_1361000
Q8IDA3	PF3D7_1360200
Q8IDA4	PF3D7_1360100
Q8IDA7	PF3D7_1359800
Q8IDB0	PF3D7_1358800
Q8IDB3	PF3D7_1359100
Q8IDB5	PF3D7_1359200
Q8IDB6	PF3D7_1359300
Q8IDB7	PF3D7_1359400
Q8IDB8	PF3D7_1358700
Q8IDC0	PF3D7_1358500
Q8IDC6	PF3D7_1357900
Q8IDD0	PF3D7_1357500
Q8IDD2	PF3D7_1357300
Q8IDD3	PF3D7_1357200
Q8IDD5	PF3D7_1356700
Q8IDD6	PF3D7_1356600
Q8IDD7	PF3D7_1356500
Q8IDD8	PF3D7_1356400
Q8IDD9	PF3D7_1356300
Q8IDE0	PF3D7_1356200
Q8IDE1	PF3D7_1356100
Q8IDE2	PF3D7_1356000
Q8IDE3	PF3D7_1355900
Q8IDE5	PF3D7_1355700
Q8IDE6	PF3D7_1355600
Q8IDE7	PF3D7_1355500
Q8IDE8	PF3D7_1355300
Q8IDF0	PF3D7_1355100
Q8IDF2	PF3D7_1354900
Q8IDF3	PF3D7_1354800
Q8IDF4	PF3D7_1354700
Q8IDF6	PF3D7_1354500
Q8IDF7	PF3D7_1354400
Q8IDF8	PF3D7_1354300
Q8IDF9	PF3D7_1354200
Q8IDG0	PF3D7_1354100
Q8IDG1	PF3D7_1354000
Q8IDG2	PF3D7_1353900
Q8IDG3	PF3D7_1353800
Q8IDG4	PF3D7_1353700
Q8IDG5	PF3D7_1353500
Q8IDG6	PF3D7_1353400
Q8IDG7	PF3D7_1353300
Q8IDG8	PF3D7_1353200
Q8IDG9	PF3D7_1353100
Q8IDH1	PF3D7_1352900
Q8IDH2	PF3D7_1352800
Q8IDH3	PF3D7_1352700
Q8IDH5	PF3D7_1352500
Q8IDH7	PF3D7_1352300
Q8IDH9	PF3D7_1352100
Q8IDI4	PF3D7_1351600
Q8IDI5	PF3D7_1351400
Q8IDI8	PF3D7_1351100
Q8IDI9	PF3D7_1351000
Q8IDJ7	PF3D7_1350200
Q8IDJ8	PF3D7_1350100
Q8IDK1	PF3D7_1349800
Q8IDK2	PF3D7_1349700
Q8IDK5	PF3D7_1349400
Q8IDK6	PF3D7_1349300
Q8IDK7	PF3D7_1349200
Q8IDK8	PF3D7_1349100
Q8IDL4	PF3D7_1348500
Q8IDL6	PF3D7_1348300
Q8IDL7	PF3D7_1348200
Q8IDL8	PF3D7_1348100
Q8IDM2	PF3D7_1347700
Q8IDM6	PF3D7_1347200
Q8IDM7	PF3D7_1347100
Q8IDM8	PF3D7_1347000
Q8IDN0	PF3D7_1346800
Q8IDN4	PF3D7_1346300
Q8IDN6	PF3D7_1346100
Q8IDN7	PF3D7_1346000
Q8IDP1	PF3D7_1345500
Q8IDP4	PF3D7_1345100
Q8IDQ0	PF3D7_1344600
Q8IDQ2	PF3D7_1343700
Q8IDQ3	PF3D7_1343600
Q8IDQ5	PF3D7_1343400
Q8IDQ7	PF3D7_1343200
Q8IDQ8	PF3D7_1343100
Q8IDQ9	PF3D7_1343000
Q8IDQ9	Pf7G8-2_000445500
Q8IDQ9	Pf7G8_130047400
Q8IDQ9	PfCD01_130048600
Q8IDQ9	PfDd2_130048800
Q8IDQ9	PfGA01_130049100
Q8IDQ9	PfGB4_130048900
Q8IDQ9	PfGN01_130049700
Q8IDQ9	PfHB3_130049300
Q8IDQ9	PfIT_130048300
Q8IDQ9	PfKE01_130048600
Q8IDQ9	PfKH01_130047000
Q8IDQ9	PfKH02_130045900
Q8IDQ9	PfML01_130046900
Q8IDQ9	PfNF135_130047400
Q8IDQ9	PfNF166_130048000
Q8IDQ9	PfNF54_130047700
Q8IDQ9	PfSD01_130049700
Q8IDQ9	PfSN01_130046000
Q8IDQ9	PfTG01_130048700
Q8IDR1	PF3D7_1342800
Q8IDR2	PF3D7_1342700
Q8IDR3	PF3D7_1342600
Q8IDR4	PF3D7_1342500
Q8IDR5	PF3D7_1342400
Q8IDR8	PF3D7_1342100
Q8IDR9	PF3D7_1342000
Q8IDS0	PF3D7_1341900
Q8IDS1	PF3D7_1341800
Q8IDS3	PF3D7_1341600
Q8IDS6	PF3D7_1341200
Q8IDS7	PF3D7_1340900
Q8IDS8	PF3D7_1340800
Q8IDT3	PF3D7_1340300
Q8IDT7	PF3D7_1339800
Q8IDU9	PF3D7_1338400
Q8IDV6	PF3D7_1337700
Q8IDW0	PF3D7_1337200
Q8IDW1	PF3D7_1337100
Q8IDW3	PF3D7_1336900
Q8IDW4	PF3D7_1336800
Q8IDW5	PF3D7_1336700
Q8IDW6	PF3D7_1336600
Q8IDW7	PF3D7_1336400
Q8IDW8	PF3D7_1336300
Q8IDW9	PF3D7_1336200
Q8IDX1	PF3D7_1336000
Q8IDX2	PF3D7_1335800
Q8IDX3	PF3D7_1335700
Q8IDX4	PF3D7_1335600
Q8IDX8	PF3D7_1335100
Q8IDX9	PF3D7_1335000
Q8IDY0	PF3D7_1334800
Q8IDY3	PF3D7_1334500
Q8IDY4	PF3D7_1334400
Q8IDY5	PF3D7_1334300
Q8IDY8	PF3D7_1334000
Q8IDZ1	PF3D7_1333700
Q8IDZ2	PF3D7_1333600
Q8IDZ3	PF3D7_1333500
Q8IDZ5	PF3D7_1333300
Q8IDZ6	PF3D7_1333200
Q8IDZ8	PF3D7_1333000
Q8IDZ9	PF3D7_1332900
Q8IE00	PF3D7_1332800
Q8IE01	PF3D7_1332700
Q8IE02	PF3D7_1332600
Q8IE03	PF3D7_1332500
Q8IE05	PF3D7_1332300
Q8IE07	PF3D7_1332100
Q8IE08	PF3D7_1332000
Q8IE09	PF3D7_1331800
Q8IE10	PF3D7_1331700
Q8IE14	PF3D7_1331300
Q8IE14	Pf7G8-2_000434300
Q8IE14	Pf7G8_130035800
Q8IE14	PfCD01_130036900
Q8IE14	PfDd2_130037200
Q8IE14	PfGA01_130037500
Q8IE14	PfGB4_130037300
Q8IE14	PfGN01_130038100
Q8IE14	PfHB3_130037700
Q8IE14	PfIT_130036600
Q8IE14	PfKE01_130037000
Q8IE14	PfKH01_130035600
Q8IE14	PfKH02_130034300
Q8IE14	PfML01_130035200
Q8IE14	PfNF135_130036100
Q8IE14	PfNF166_130036800
Q8IE14	PfNF54_130036500
Q8IE14	PfSD01_130038100
Q8IE14	PfSN01_130034400
Q8IE14	PfTG01_130037100
Q8IE17	PF3D7_1331000
Q8IE18	PF3D7_1330800
Q8IE20	PF3D7_1330600
Q8IE21	PF3D7_1330500
Q8IE22	PF3D7_1330400
Q8IE26	PF3D7_1330000
Q8IE34	PF3D7_1327200
Q8IE38	PF3D7_1327600
Q8IE40	PF3D7_1327800
Q8IE43	PF3D7_1328300
Q8IE47	PF3D7_1328800
Q8IE48	PF3D7_1328900
Q8IE49	PF3D7_1329000
Q8IE50	PF3D7_1329100
Q8IE51	PF3D7_1329200
Q8IE52	PF3D7_1329300
Q8IE53	PF3D7_1329400
Q8IE58	PF3D7_1326200
Q8IE63	PF3D7_1325600
Q8IE66	PF3D7_1325200
Q8IE67	PF3D7_1325100
Q8IE68	PF3D7_1325000
Q8IE69	PF3D7_1324800
Q8IE71	PF3D7_1324600
Q8IE72	PF3D7_1324500
Q8IE73	PF3D7_1324400
Q8IE75	PF3D7_1324200
Q8IE76	PF3D7_1324100
Q8IE77	PF3D7_1324000
Q8IE80	PF3D7_1323700
Q8IE81	PF3D7_1323600
Q8IE82	PF3D7_1323400
Q8IE83	PF3D7_1323300
Q8IE84	PF3D7_1323200
Q8IE85	PF3D7_1323100
Q8IE90	PF3D7_1322500
Q8IE95	PF3D7_1322100
Q8IE96	PF3D7_1322000
Q8IE97	PF3D7_1321900
Q8IE98	PF3D7_1321800
Q8IE99	PF3D7_1321700
Q8IEA0	PF3D7_1321400
Q8IEA2	PF3D7_1321200
Q8IEA6	PF3D7_1320800
Q8IEA7	PF3D7_1320700
Q8IEB1	PF3D7_1320200
Q8IEB2	PF3D7_1320100
Q8IEB7	PF3D7_1319900
Q8IEB8	PF3D7_1319800
Q8IEB9	PF3D7_1319700
Q8IEC1	PF3D7_1319500
Q8IEC3	PF3D7_1319300
Q8IEC4	PF3D7_1319200
Q8IEC6	PF3D7_1319000
Q8IEC7	PF3D7_1318900
Q8IEC8	PF3D7_1318800
Q8IEC9	PF3D7_1318700
Q8IED2	PF3D7_1318400
Q8IED3	PF3D7_1318300
Q8IED4	PF3D7_1318200
Q8IED5	PF3D7_1318100
Q8IED6	PF3D7_1318000
Q8IED7	PF3D7_1317900
Q8IED9	PF3D7_1317700
Q8IEE1	PF3D7_1317500
Q8IEE4	PF3D7_1317200
Q8IEE5	PF3D7_1317100
Q8IEE9	PF3D7_1316600
Q8IEF2	PF3D7_1316200
Q8IEF3	PF3D7_1316100
Q8IEF6	PF3D7_1315800
Q8IEF7	PF3D7_1315700
Q8IEF9	PF3D7_1315500
Q8IEG2	PF3D7_1315300
Q8IEG4	PF3D7_1315100
Q8IEG5	PF3D7_1315000
Q8IEG6	PF3D7_1314900
Q8IEG7	PF3D7_1314800
Q8IEG8	PF3D7_1314700
Q8IEG9	PF3D7_1314600
Q8IEH0	PF3D7_1314400
Q8IEH1	PF3D7_1314300
Q8IEH2	PF3D7_1314200
Q8IEH3	PF3D7_1314100
Q8IEH4	PF3D7_1314000
Q8IEH6	PF3D7_1313700
Q8IEH7	PF3D7_1313600
Q8IEH8	PF3D7_1313500
Q8IEH9	PF3D7_1313400
Q8IEI1	PF3D7_1313200
Q8IEI4	PF3D7_1313000
Q8IEI6	PF3D7_1302000
Q8IEI7	PF3D7_1301900
Q8IEJ0	PF3D7_1301700
Q8IEJ1	PF3D7_1301500
Q8IEJ2	PF3D7_1301400
Q8IEJ4	PF3D7_1312800
Q8IEJ5	PF3D7_1312700
Q8IEJ6	PF3D7_1312600
Q8IEJ7	PF3D7_1312400
Q8IEJ8	PF3D7_1312300
Q8IEJ9	PF3D7_1312200
Q8IEK0	PF3D7_1312100
Q8IEK2	PF3D7_1311600
Q8IEK3	PF3D7_1311500
Q8IEK4	PF3D7_1311400
Q8IEK5	PF3D7_1311200
Q8IEK6	PF3D7_1311100
Q8IEK7	PF3D7_1311000
Q8IEK8	PF3D7_1310800
Q8IEK9	PF3D7_1310700
Q8IEL0	PF3D7_1310500
Q8IEL1	PF3D7_1310400
Q8IEL2	PF3D7_1310300
Q8IEL4	PF3D7_1310100
Q8IEL5	PF3D7_1310000
Q8IEL6	PF3D7_1309900
Q8IEL7	PF3D7_1309800
Q8IEL8	PF3D7_1309700
Q8IEL9	PF3D7_1309600
Q8IEM0	PF3D7_1309400
Q8IEM1	PF3D7_1309300
Q8IEM2	PF3D7_1309200
Q8IEM3	PF3D7_1309100
Q8IEM4	PF3D7_1309000
Q8IEM5	PF3D7_1308900
Q8IEM7	PF3D7_1308700
Q8IEN0	PF3D7_1308500
Q8IEN2	PF3D7_1308300
Q8IEN3	PF3D7_1308200
Q8IEN4	PF3D7_1308100
Q8IEN6	PF3D7_1307900
Q8IEN7	PF3D7_1307800
Q8IEN8	PF3D7_1307700
Q8IEN9	PF3D7_1307600
Q8IEP0	PF3D7_1307500
Q8IEP1	PF3D7_1307400
Q8IEP2	PF3D7_1307300
Q8IEP3	PF3D7_1307200
Q8IEP4	PF3D7_1307100
Q8IEP5	PF3D7_1307000
Q8IEP7	PF3D7_1306800
Q8IEP8	PF3D7_1306700
Q8IEP9	PF3D7_1306600
Q8IEQ1	PF3D7_1306400
Q8IEQ3	PF3D7_1306200
Q8IEQ5	PF3D7_1306000
Q8IEQ6	PF3D7_1305900
Q8IEQ7	PF3D7_1305800
Q8IEQ8	PF3D7_1305700
Q8IEQ9	PF3D7_1305600
Q8IER0	PF3D7_1305500
Q8IER1	PF3D7_1305400
Q8IER4	PF3D7_1305200
Q8IER5	PF3D7_1305100
Q8IER6	PF3D7_1305000
Q8IER7	PF3D7_1304900
Q8IER9	PF3D7_1304600
Q8IES0	PF3D7_1304500
Q8IES1	PF3D7_1304400
Q8IES2	PF3D7_1304300
Q8IES4	PF3D7_1304100
Q8IES8	PF3D7_1303700
Q8IES9	PF3D7_1303600
Q8IET0	PF3D7_1303500
Q8IET1	PF3D7_1303400
Q8IET2	PF3D7_1303300
Q8IET3	PF3D7_1303200
Q8IET4	PF3D7_1303100
Q8IET5	PF3D7_1303000
Q8IET6	PF3D7_1302900
Q8IET7	PF3D7_1302800
Q8IET8	PF3D7_1302700
Q8IEU1	PF3D7_1302200
Q8IEU2	PF3D7_1302100
Q8IEU3	PF3D7_1301200
Q8IEU4	PF3D7_1300900
Q8IEU5	PF3D7_1300700
Q8IEU6	PF3D7_1300600
Q8IEU7	PF3D7_1300500
Q8IEU8	PF3D7_1300400
Q8IEV0	PF3D7_1300200
Q8IEV1	PF3D7_1300100
Q8IFK7	PF3D7_0426000
Q8IFK8	PF3D7_0425900
Q8IFK9	PF3D7_0425700
Q8IFL0	PF3D7_0425500
Q8IFL1	PF3D7_0425400
Q8IFL3	PF3D7_0425200
Q8IFL4	PF3D7_0425100
Q8IFL7	PF3D7_0424900
Q8IFL8	PF3D7_0424800
Q8IFL9	PF3D7_0424700
Q8IFM0	PF3D7_0424600
Q8IFM1	PF3D7_0424500
Q8IFM2	PF3D7_0424400
Q8IFM5	PF3D7_0424100
Q8IFM7	PF3D7_0423900
Q8IFM8	PF3D7_0423800
Q8IFM9	PF3D7_0423700
Q8IFN0	PF3D7_0423600
Q8IFN1	PF3D7_0423500
Q8IFN2	PF3D7_0423400
Q8IFN3	PF3D7_0423300
Q8IFN4	PF3D7_0423200
Q8IFN5	PF3D7_0423100
Q8IFN6	PF3D7_0423000
Q8IFN7	PF3D7_0422900
Q8IFN9	PF3D7_0422700
Q8IFP0	PF3D7_0422600
Q8IFP2	PF3D7_0422400
Q8IFP3	PF3D7_0422300
Q8IFP5	PF3D7_0422100
Q8IFP7	PF3D7_0421900
Q8IFP8	PF3D7_0421800
Q8IFQ2	PF3D7_0421300
Q8IFQ3	PF3D7_0421200
Q8IFQ4	PF3D7_0421100
Q8IFQ5	PF3D7_0420900
Q8IFQ6	PF3D7_0420700
Q8IFQ7	PF3D7_0420400
Q8IHM1	PF3D7_1150300
Q8IHM2	PF3D7_1150200
Q8IHM3	PF3D7_1150000
Q8IHM4	PF3D7_1149900
Q8IHM5	PF3D7_1149800
Q8IHM6	PF3D7_1149700
Q8IHM7	PF3D7_1149600
Q8IHM9	PF3D7_1149400
Q8IHN1	PF3D7_1149200
Q8IHN2	PF3D7_1149100
Q8IHN5	PF3D7_1148900
Q8IHN6	PF3D7_1148800
Q8IHN7	PF3D7_1148700
Q8IHP1	PF3D7_1148000
Q8IHP2	PF3D7_1147900
Q8IHP3	PF3D7_1147800
Q8IHP4	PF3D7_1147700
Q8IHP5	PF3D7_1147600
Q8IHP6	PF3D7_1147500
Q8IHP7	PF3D7_1147300
Q8IHQ1	PF3D7_1146700
Q8IHQ2	PF3D7_1146600
Q8IHQ3	PF3D7_1146500
Q8IHQ6	PF3D7_1146200
Q8IHQ7	PF3D7_1146100
Q8IHQ8	PF3D7_1146000
Q8IHR0	PF3D7_1145800
Q8IHR1	PF3D7_1145700
Q8IHR3	PF3D7_1145500
Q8IHR4	PF3D7_1145400
Q8IHR5	PF3D7_1145200
Q8IHR6	PF3D7_1145100
Q8IHR7	PF3D7_1145000
Q8IHR8	PF3D7_1144900
Q8IHR9	PF3D7_1144800
Q8IHS0	PF3D7_1144700
Q8IHS1	PF3D7_1144600
Q8IHS2	PF3D7_1144500
Q8IHS3	PF3D7_1144400
Q8IHS4	PF3D7_1144200
Q8IHS5	PF3D7_1144000
Q8IHS6	PF3D7_1143900
Q8IHS7	PF3D7_1143800
Q8IHS8	PF3D7_1143700
Q8IHT0	PF3D7_1143600
Q8IHT1	PF3D7_1143500
Q8IHT2	PF3D7_1143400
Q8IHT3	PF3D7_1143300
Q8IHT4	PF3D7_1143200
Q8IHT5	PF3D7_1143100
Q8IHT6	PF3D7_1142900
Q8IHT7	PF3D7_1142800
Q8IHT8	PF3D7_1142700
Q8IHT9	PF3D7_1142600
Q8IHU0	PF3D7_1142500
Q8IHU1	PF3D7_1142400
Q8IHU2	PF3D7_1142300
Q8IHU3	PF3D7_1142200
Q8IHU5	PF3D7_1142000
Q8IHU6	PF3D7_1141900
Q8IHU7	PF3D7_1141800
Q8IHU8	PF3D7_1141700
Q8IHU9	PF3D7_1141600
Q8IHV0	PF3D7_1141500
Q8IHV1	PF3D7_1141400
Q8IHV2	PF3D7_1141300
Q8IHV4	PF3D7_1141100
Q8IHV5	PF3D7_1141000
Q8IHV6	PF3D7_1140900
Q8IHV7	PF3D7_1140800
Q8IHV8	PF3D7_1140700
Q8IHV9	PF3D7_1140600
Q8IHW0	PF3D7_1140500
Q8IHW1	PF3D7_1140400
Q8IHW2	PF3D7_1140300
Q8IHW3	PF3D7_1140200
Q8IHW4	PF3D7_1140100
Q8IHW5	PF3D7_1140000
Q8IHW7	PF3D7_1139900
Q8IHW8	PF3D7_1139800
Q8IHW9	PF3D7_1139700
Q8IHX0	PF3D7_1139600
Q8IHX1	PF3D7_1139500
Q8IHX2	PF3D7_1139300
Q8IHX3	PF3D7_1139200
Q8IHX4	PF3D7_1139100
Q8IHX6	PF3D7_1138800
Q8IHX8	PF3D7_1138700
Q8IHX9	PF3D7_1138600
Q8IHY0	PF3D7_1138500
Q8IHY2	PF3D7_1138200
Q8IHY3	PF3D7_1138100
Q8IHY6	PF3D7_1137900
Q8IHY7	PF3D7_1137700
Q8IHY8	PF3D7_1137600
Q8IHZ0	PF3D7_1137500
Q8IHZ1	PF3D7_1137400
Q8IHZ2	PF3D7_1137300
Q8IHZ3	PF3D7_1137200
Q8IHZ4	PF3D7_1137100
Q8IHZ5	PF3D7_1136900
Q8IHZ6	PF3D7_1136800
Q8IHZ7	PF3D7_1136700
Q8IHZ8	PF3D7_1136600
Q8IHZ9	PF3D7_1136500
Q8II00	PF3D7_1136400
Q8II01	PF3D7_1136300
Q8II02	PF3D7_1136200
Q8II03	PF3D7_1136100
Q8II05	PF3D7_1135900
Q8II06	PF3D7_1135800
Q8II07	PF3D7_1135600
Q8II11	PF3D7_1135400
Q8II12	PF3D7_1135300
Q8II13	PF3D7_1135100
Q8II14	PF3D7_1135000
Q8II15	PF3D7_1134900
Q8II16	PF3D7_1134800
Q8II17	PF3D7_1134700
Q8II18	PF3D7_1134600
Q8II19	PF3D7_1134500
Q8II20	PF3D7_1134400
Q8II21	PF3D7_1134300
Q8II22	PF3D7_1134200
Q8II23	PF3D7_1134100
Q8II24	PF3D7_1134000
Q8II26	PF3D7_1133900
Q8II27	PF3D7_1133800
Q8II28	PF3D7_1133700
Q8II29	PF3D7_1133600
Q8II30	PF3D7_1133500
Q8II31	PF3D7_1133300
Q8II32	PF3D7_1133200
Q8II33	PF3D7_1133100
Q8II34	PF3D7_1133000
Q8II35	PF3D7_1132900
Q8II36	PF3D7_1132800
Q8II36	Pf7G8-2_000355600
Q8II36	Pf7G8_110036700
Q8II36	PfCD01_110038300
Q8II36	PfDd2_110036100
Q8II36	PfGA01_110037100
Q8II36	PfGB4_110039400
Q8II36	PfGN01_110037400
Q8II36	PfHB3_110036300
Q8II36	PfIT_110037400
Q8II36	PfKE01_110037400
Q8II36	PfKH01_110037200
Q8II36	PfKH02_110038100
Q8II36	PfML01_110037700
Q8II36	PfNF135_110035900
Q8II36	PfNF166_110036100
Q8II36	PfNF54_110037000
Q8II36	PfSD01_110035500
Q8II36	PfSN01_110036000
Q8II36	PfTG01_110037300
Q8II37	PF3D7_1132700
Q8II38	PF3D7_1132600
Q8II40	PF3D7_1132500
Q8II41	PF3D7_1132400
Q8II42	PF3D7_1132300
Q8II43	PF3D7_1132200
Q8II44	PF3D7_1132100
Q8II45	PF3D7_1132000
Q8II46	PF3D7_1131900
Q8II47	PF3D7_1131800
Q8II49	PF3D7_1131500
Q8II50	PF3D7_1131400
Q8II51	PF3D7_1131300
Q8II52	PF3D7_1131200
Q8II53	PF3D7_1131100
Q8II54	PF3D7_1131000
Q8II55	PF3D7_1130900
Q8II56	PF3D7_1130800
Q8II57	PF3D7_1130700
Q8II58	PF3D7_1130600
Q8II59	PF3D7_1130500
Q8II60	PF3D7_1130400
Q8II61	PF3D7_1130200
Q8II62	PF3D7_1130100
Q8II63	PF3D7_1130000
Q8II64	PF3D7_1129900
Q8II65	PF3D7_1129800
Q8II66	PF3D7_1129700
Q8II67	PF3D7_1129600
Q8II69	PF3D7_1129400
Q8II70	PF3D7_1129300
Q8II71	PF3D7_1129200
Q8II72	PF3D7_1129100
Q8II73	PF3D7_1129000
Q8II76	PF3D7_1128700
Q8II77	PF3D7_1128600
Q8II78	PF3D7_1128500
Q8II79	PF3D7_1128400
Q8II80	PF3D7_1128300
Q8II81	PF3D7_1128200
Q8II82	PF3D7_1128100
Q8II83	PF3D7_1128000
Q8II84	PF3D7_1127900
Q8II85	PF3D7_1127800
Q8II86	PF3D7_1127700
Q8II87	PF3D7_1127600
Q8II88	PF3D7_1127500
Q8II89	PF3D7_1127400
Q8II90	PF3D7_1127300
Q8II91	PF3D7_1127200
Q8II92	PF3D7_1127100
Q8II93	PF3D7_1127000
Q8II94	PF3D7_1126900
Q8II95	PF3D7_1126800
Q8II97	PF3D7_1126700
Q8II98	PF3D7_1126600
Q8II99	PF3D7_1126500
Q8IIA0	PF3D7_1126400
Q8IIA2	PF3D7_1126200
Q8IIA3	PF3D7_1126100
Q8IIA4	PF3D7_1126000
Q8IIA5	PF3D7_1125900
Q8IIA6	PF3D7_1125800
Q8IIA7	PF3D7_1125700
Q8IIA8	PF3D7_1125500
Q8IIA9	PF3D7_1125400
Q8IIB0	PF3D7_1125300
Q8IIB2	PF3D7_1125100
Q8IIB3	PF3D7_1125000
Q8IIB4	PF3D7_1124900
Q8IIB5	PF3D7_1124800
Q8IIB6	PF3D7_1124700
Q8IIB7	PF3D7_1124600
Q8IIB8	PF3D7_1124500
Q8IIB9	PF3D7_1124400
Q8IIC0	PF3D7_1124300
Q8IIC2	PF3D7_1124100
Q8IIC3	PF3D7_1124000
Q8IIC4	PF3D7_1123900
Q8IIC5	PF3D7_1123800
Q8IIC6	PF3D7_1123700
Q8IIC7	PF3D7_1123600
Q8IIC8	PF3D7_1123500
Q8IIC9	PF3D7_1123400
Q8IID0	PF3D7_1123300
Q8IID1	PF3D7_1123200
Q8IID2	PF3D7_1123100
Q8IID3	PF3D7_1123000
Q8IID5	PF3D7_1122800
Q8IID6	PF3D7_1122700
Q8IIE0	PF3D7_1122600
Q8IIE1	PF3D7_1122500
Q8IIE2	PF3D7_1122400
Q8IIE3	PF3D7_1122300
Q8IIE4	PF3D7_1122200
Q8IIE5	PF3D7_1122100
Q8IIE6	PF3D7_1122000
Q8IIE7	PF3D7_1121900
Q8IIE8	PF3D7_1121800
Q8IIE9	PF3D7_1121700
Q8IIF0	PF3D7_1121600
Q8IIF1	PF3D7_1121500
Q8IIF2	PF3D7_1121400
Q8IIF4	PF3D7_1121300
Q8IIF5	PF3D7_1121200
Q8IIF6	PF3D7_1121100
Q8IIF7	PF3D7_1121000
Q8IIF8	PF3D7_1120900
Q8IIF9	PF3D7_1120800
Q8IIG0	PF3D7_1120700
Q8IIG1	PF3D7_1120600
Q8IIG2	PF3D7_1120500
Q8IIG3	PF3D7_1120400
Q8IIG4	PF3D7_1120300
Q8IIG5	PF3D7_1120200
Q8IIG6	PF3D7_1120100
Q8IIG7	PF3D7_1120000
Q8IIG8	PF3D7_1119900
Q8IIG9	PF3D7_1119800
Q8IIH0	PF3D7_1119700
Q8IIH1	PF3D7_1119600
Q8IIH2	PF3D7_1119500
Q8IIH3	PF3D7_1119400
Q8IIH4	PF3D7_1119300
Q8IIH6	PF3D7_1119100
Q8IIH7	PF3D7_1119000
Q8IIH8	PF3D7_1118900
Q8IIH9	PF3D7_1118800
Q8III1	PF3D7_1118700
Q8III2	PF3D7_1118600
Q8III3	PF3D7_1118500
Q8III4	PF3D7_1118400
Q8III5	PF3D7_1118300
Q8III6	PF3D7_1118200
Q8III7	PF3D7_1118100
Q8III8	PF3D7_1118000
Q8III9	PF3D7_1117900
Q8IIJ0	PF3D7_1117800
Q8IIJ1	PF3D7_1117600
Q8IIJ2	PF3D7_1117500
Q8IIJ3	PF3D7_1117400
Q8IIJ4	PF3D7_1117300
Q8IIJ6	PF3D7_1117100
Q8IIJ7	PF3D7_1117000
Q8IIJ8	PF3D7_1116800
Q8IIJ9	PF3D7_1116700
Q8IIK0	PF3D7_1116600
Q8IIK1	PF3D7_1116500
Q8IIK2	PF3D7_1116400
Q8IIK3	PF3D7_1116300
Q8IIK4	PF3D7_1116200
Q8IIK5	PF3D7_1116000
Q8IIK6	PF3D7_1115900
Q8IIK7	PF3D7_1115800
Q8IIK8	PF3D7_1115600
Q8IIK9	PF3D7_1115500
Q8IIL0	PF3D7_1115400
Q8IIL1	PF3D7_1115200
Q8IIL2	PF3D7_1115000
Q8IIL3	PF3D7_1114900
Q8IIL4	PF3D7_1114800
Q8IIL5	PF3D7_1114700
Q8IIL6	PF3D7_1114600
Q8IIL7	PF3D7_1114500
Q8IIL8	PF3D7_1114400
Q8IIL9	PF3D7_1114200
Q8IIM2	PF3D7_1114100
Q8IIM3	PF3D7_1114000
Q8IIM4	PF3D7_1113800
Q8IIM5	PF3D7_1113700
Q8IIM6	PF3D7_1113600
Q8IIM7	PF3D7_1113500
Q8IIM8	PF3D7_1113400
Q8IIM9	PF3D7_1113300
Q8IIN0	PF3D7_1113200
Q8IIN1	PF3D7_1113100
Q8IIN5	PF3D7_1112800
Q8IIN6	PF3D7_1112700
Q8IIN7	PF3D7_1112600
Q8IIN8	PF3D7_1112500
Q8IIN9	PF3D7_1112400
Q8IIP0	PF3D7_1112300
Q8IIP1	PF3D7_1112200
Q8IIP2	PF3D7_1112100
Q8IIP3	PF3D7_1112000
Q8IIP4	PF3D7_1111900
Q8IIP5	PF3D7_1111800
Q8IIP6	PF3D7_1111700
Q8IIP8	PF3D7_1111400
Q8IIP9	PF3D7_1111300
Q8IIQ0	PF3D7_1111200
Q8IIQ1	PF3D7_1111100
Q8IIQ2	PF3D7_1111000
Q8IIQ3	PF3D7_1110900
Q8IIQ5	PF3D7_1110600
Q8IIQ6	PF3D7_1110500
Q8IIQ7	PF3D7_1110400
Q8IIQ9	PF3D7_1110300
Q8IIR0	PF3D7_1110200
Q8IIR2	PF3D7_1109400
Q8IIR3	PF3D7_1109100
Q8IIR4	PF3D7_1108900
Q8IIR5	PF3D7_1108800
Q8IIR6	PF3D7_1108700
Q8IIR7	PF3D7_1108600
Q8IIR8	PF3D7_1108500
Q8IIR9	PF3D7_1108400
Q8IIS0	PF3D7_1108200
Q8IIS1	PF3D7_1108100
Q8IIS2	PF3D7_1108000
Q8IIS3	PF3D7_1107900
Q8IIS4	PF3D7_1107800
Q8IIS5	PF3D7_1107700
Q8IIS6	PF3D7_1107600
Q8IIS7	PF3D7_1107500
Q8IIS8	PF3D7_1107400
Q8IIT1	PF3D7_1107200
Q8IIT2	PF3D7_1107100
Q8IIT3	PF3D7_1107000
Q8IIT4	PF3D7_1106900
Q8IIT5	PF3D7_1106800
Q8IIT6	PF3D7_1106700
Q8IIT7	PF3D7_1106600
Q8IIT8	PF3D7_1106500
Q8IIT9	PF3D7_1106400
Q8IIU1	PF3D7_1106200
Q8IIU2	PF3D7_1106100
Q8IIU3	PF3D7_1106000
Q8IIU4	PF3D7_1105900
Q8IIU5	PF3D7_1105800
Q8IIU6	PF3D7_1105700
Q8IIU7	PF3D7_1105600
Q8IIU8	PF3D7_1105400
Q8IIU9	PF3D7_1105300
Q8IIV0	PF3D7_1105200
Q8IIV1	PF3D7_1105100
Q8IIV2	PF3D7_1105000
Q8IIV3	PF3D7_1104900
Q8IIV4	PF3D7_1104800
Q8IIV5	PF3D7_1104700
Q8IIV6	PF3D7_1104600
Q8IIV7	PF3D7_1104500
Q8IIV8	PF3D7_1104400
Q8IIV9	PF3D7_1104300
Q8IIW0	PF3D7_1104200
Q8IIW1	PF3D7_1104100
Q8IIW2	PF3D7_1104000
Q8IIW3	PF3D7_1103900
Q8IIW5	PF3D7_1103700
Q8IIW6	PF3D7_1103600
Q8IIW8	PF3D7_1103500
Q8IIW9	PF3D7_1103400
Q8IIX0	PF3D7_1103100
Q8IIX1	PF3D7_1103000
Q8IIX2	PF3D7_1102900
Q8IIX3	PF3D7_1102800
Q8IIX4	PF3D7_1102600
Q8IIX5	PF3D7_1102500
Q8IIX6	PF3D7_1102400
Q8IIX7	PF3D7_1102300
Q8IIX8	PF3D7_1102200
Q8IIY1	PF3D7_1101700
Q8IIY2	PF3D7_1101500
Q8IIY3	PF3D7_1101300
Q8IIY4	PF3D7_1101200
Q8IIY5	PF3D7_1101100
Q8IIY8	PF3D7_1100800
Q8IIZ1	PF3D7_1100500
Q8IIZ2	PF3D7_1100400
Q8IIZ3	PF3D7_1100300
Q8IIZ5	PF3D7_1100100
Q8IIZ6	PF3D7_1041300
Q8IIZ7	PF3D7_1041200
Q8IIZ8	PF3D7_1041100
Q8IIZ9	PF3D7_1041000
Q8IJ00	PF3D7_1040900
Q8IJ01	PF3D7_1040800
Q8IJ02	PF3D7_1040700
Q8IJ04	PF3D7_1040500
Q8IJ05	PF3D7_1040400
Q8IJ06	PF3D7_1040300
Q8IJ07	PF3D7_1040200
Q8IJ08	PF3D7_1040100
Q8IJ09	PF3D7_1040000
Q8IJ10	PF3D7_1039900
Q8IJ11	PF3D7_1039700
Q8IJ21	PF3D7_1039000
Q8IJ22	PF3D7_1038900
Q8IJ23	PF3D7_1038800
Q8IJ25	PF3D7_1038600
Q8IJ26	PF3D7_1038500
Q8IJ27	PF3D7_1038100
Q8IJ28	PF3D7_1038000
Q8IJ29	PF3D7_1037800
Q8IJ30	PF3D7_1037700
Q8IJ31	PF3D7_1037600
Q8IJ32	PF3D7_1037500
Q8IJ33	PF3D7_1037400
Q8IJ34	PF3D7_1037300
Q8IJ37	PF3D7_1037100
Q8IJ40	PF3D7_1036800
Q8IJ42	PF3D7_1036600
Q8IJ43	PF3D7_1036500
Q8IJ45	PF3D7_1036300
Q8IJ48	PF3D7_1036000
Q8IJ49	PF3D7_1035900
Q8IJ50	PF3D7_1035800
Q8IJ52	PF3D7_1035700
Q8IJ53	PF3D7_1035600
Q8IJ54	PF3D7_1035500
Q8IJ55	PF3D7_1035400
Q8IJ56	PF3D7_1035300
Q8IJ58	PF3D7_1035100
Q8IJ59	PF3D7_1035000
Q8IJ60	PF3D7_1034900
Q8IJ63	PF3D7_1034700
Q8IJ64	PF3D7_1034600
Q8IJ65	PF3D7_1034500
Q8IJ66	PF3D7_1034400
Q8IJ67	PF3D7_1034300
Q8IJ68	PF3D7_1034200
Q8IJ69	PF3D7_1034000
Q8IJ70	PF3D7_1033900
Q8IJ71	PF3D7_1033800
Q8IJ72	PF3D7_1033700
Q8IJ73	PF3D7_1033500
Q8IJ74	PF3D7_1033400
Q8IJ75	PF3D7_1033300
Q8IJ76	PF3D7_1033200
Q8IJ77	PF3D7_1033100
Q8IJ78	PF3D7_1033000
Q8IJ79	PF3D7_1032900
Q8IJ80	PF3D7_1032700
Q8IJ81	PF3D7_1032600
Q8IJ82	PF3D7_1032500
Q8IJ83	PF3D7_1032400
Q8IJ84	PF3D7_1032300
Q8IJ85	PF3D7_1032100
Q8IJ86	PF3D7_1032000
Q8IJ87	PF3D7_1031800
Q8IJ88	PF3D7_1031700
Q8IJ89	PF3D7_1031600
Q8IJ90	PF3D7_1031500
Q8IJ92	PF3D7_1031300
Q8IJ93	PF3D7_1031200
Q8IJ95	PF3D7_1031100
Q8IJ96	PF3D7_1030900
Q8IJ97	PF3D7_1030800
Q8IJ98	PF3D7_1030700
Q8IJ99	PF3D7_1030600
Q8IJA0	PF3D7_1030500
Q8IJA1	PF3D7_1030400
Q8IJA2	PF3D7_1030300
Q8IJA3	PF3D7_1030200
Q8IJA4	PF3D7_1030100
Q8IJA5	PF3D7_1030000
Q8IJA6	PF3D7_1029900
Q8IJA7	PF3D7_1029800
Q8IJA8	PF3D7_1029700
Q8IJA9	PF3D7_1029600
Q8IJB0	PF3D7_1029500
Q8IJB1	PF3D7_1029400
Q8IJB2	PF3D7_1029300
Q8IJB3	PF3D7_1029200
Q8IJB4	PF3D7_1029100
Q8IJB5	PF3D7_1028900
Q8IJB6	PF3D7_1028800
Q8IJB7	PF3D7_1028700
Q8IJB8	PF3D7_1028600
Q8IJB9	PF3D7_1028500
Q8IJC0	PF3D7_1028400
Q8IJC1	PF3D7_1028300
Q8IJC2	PF3D7_1028200
Q8IJC3	PF3D7_1028100
Q8IJC4	PF3D7_1028000
Q8IJC6	PF3D7_1027800
Q8IJC7	PF3D7_1027700
Q8IJC8	PF3D7_1027500
Q8IJC9	PF3D7_1027400
Q8IJD0	PF3D7_1027300
Q8IJD1	PF3D7_1027200
Q8IJD2	PF3D7_1027100
Q8IJD3	PF3D7_1027000
Q8IJD4	PF3D7_1026800
Q8IJD6	PF3D7_1026600
Q8IJD7	PF3D7_1026400
Q8IJD8	PF3D7_1026300
Q8IJD9	PF3D7_1026200
Q8IJE0	PF3D7_1026100
Q8IJE1	PF3D7_1026000
Q8IJE5	PF3D7_1025700
Q8IJE6	PF3D7_1025600
Q8IJF0	PF3D7_1025400
Q8IJF2	PF3D7_1025300
Q8IJF3	PF3D7_1025100
Q8IJF4	PF3D7_1025000
Q8IJF5	PF3D7_1024900
Q8IJF6	PF3D7_1024800
Q8IJF7	PF3D7_1024700
Q8IJF8	PF3D7_1024600
Q8IJG0	PF3D7_1024500
Q8IJG1	PF3D7_1024400
Q8IJG2	PF3D7_1024300
Q8IJG3	PF3D7_1024200
Q8IJG4	PF3D7_1024100
Q8IJG5	PF3D7_1024000
Q8IJG7	PF3D7_1023800
Q8IJG8	PF3D7_1023700
Q8IJG9	PF3D7_1023600
Q8IJH0	PF3D7_1023500
Q8IJH1	PF3D7_1023400
Q8IJH2	PF3D7_1023300
Q8IJH3	PF3D7_1023200
Q8IJH5	PF3D7_1023000
Q8IJH6	PF3D7_1022900
Q8IJH7	PF3D7_1022800
Q8IJH8	PF3D7_1022700
Q8IJH9	PF3D7_1022600
Q8IJI0	PF3D7_1022400
Q8IJI1	PF3D7_1022300
Q8IJI2	PF3D7_1022200
Q8IJI3	PF3D7_1022000
Q8IJI4	PF3D7_1021900
Q8IJI7	PF3D7_1021600
Q8IJI8	PF3D7_1021500
Q8IJJ0	PF3D7_1021300
Q8IJJ1	PF3D7_1021200
Q8IJJ2	PF3D7_1021100
Q8IJJ3	PF3D7_1021000
Q8IJJ4	PF3D7_1020800
Q8IJJ5	PF3D7_1020700
Q8IJJ6	PF3D7_1020600
Q8IJJ7	PF3D7_1020500
Q8IJJ8	PF3D7_1020400
Q8IJJ9	PF3D7_1020300
Q8IJK0	PF3D7_1020200
Q8IJK1	PF3D7_1020000
Q8IJK2	PF3D7_1019900
Q8IJK4	PF3D7_1019800
Q8IJK5	PF3D7_1019700
Q8IJK6	PF3D7_1019600
Q8IJK8	PF3D7_1019400
Q8IJL0	PF3D7_1019200
Q8IJL1	PF3D7_1019100
Q8IJL2	PF3D7_1019000
Q8IJL3	PF3D7_1018900
Q8IJL4	PF3D7_1018800
Q8IJL5	PF3D7_1018700
Q8IJL6	PF3D7_1018600
Q8IJL7	PF3D7_1018400
Q8IJL9	PF3D7_1018100
Q8IJM0	PF3D7_1017900
Q8IJM1	PF3D7_1017800
Q8IJM2	PF3D7_1017700
Q8IJM3	PF3D7_1017600
Q8IJM4	PF3D7_1017500
Q8IJM5	PF3D7_1017400
Q8IJM6	PF3D7_1017300
Q8IJM7	PF3D7_1017200
Q8IJM8	PF3D7_1017100
Q8IJM9	PF3D7_1016900
Q8IJN0	PF3D7_1016800
Q8IJN1	PF3D7_1016700
Q8IJN2	PF3D7_1016500
Q8IJN3	PF3D7_1016400
Q8IJN4	PF3D7_1016200
Q8IJN5	PF3D7_1016100
Q8IJN6	PF3D7_1016000
Q8IJN7	PF3D7_1015900
Q8IJN8	PF3D7_1015800
Q8IJN9	PF3D7_1015600
Q8IJP0	PF3D7_1015500
Q8IJP1	PF3D7_1015400
Q8IJP2	PF3D7_1015300
Q8IJP3	PF3D7_1015200
Q8IJP4	PF3D7_1015100
Q8IJP5	PF3D7_1015000
Q8IJP6	PF3D7_1014900
Q8IJP7	PF3D7_1014800
Q8IJP8	PF3D7_1014700
Q8IJP9	PF3D7_1014600
Q8IJQ0	PF3D7_1014500
Q8IJQ1	PF3D7_1014400
Q8IJQ2	PF3D7_1014300
Q8IJQ3	PF3D7_1014200
Q8IJQ4	PF3D7_1014100
Q8IJQ6	PF3D7_1013900
Q8IJQ7	PF3D7_1013800
Q8IJQ8	PF3D7_1013700
Q8IJQ9	PF3D7_1013600
Q8IJR0	PF3D7_1013500
Q8IJR2	PF3D7_1013300
Q8IJR3	PF3D7_1013200
Q8IJR4	PF3D7_1013100
Q8IJR5	PF3D7_1013000
Q8IJR6	PF3D7_1012900
Q8IJR7	PF3D7_1012800
Q8IJR8	PF3D7_1012700
Q8IJR9	PF3D7_1012600
Q8IJR9	Pf7G8-2_000298200
Q8IJR9	Pf7G8_100017000
Q8IJR9	PfCD01_100017800
Q8IJR9	PfDd2_100018000
Q8IJR9	PfGA01_100017900
Q8IJR9	PfGB4_100017600
Q8IJR9	PfGN01_100018200
Q8IJR9	PfHB3_100017000
Q8IJR9	PfIT_100016600
Q8IJR9	PfKE01_100017900
Q8IJR9	PfKH01_100017200
Q8IJR9	PfKH02_100018100
Q8IJR9	PfML01_100016900
Q8IJR9	PfNF135_100018000
Q8IJR9	PfNF166_100017500
Q8IJR9	PfNF54_100017800
Q8IJR9	PfSD01_100017300
Q8IJR9	PfSN01_100018000
Q8IJR9	PfTG01_100017800
Q8IJS0	PF3D7_1012500
Q8IJS1	PF3D7_1012400
Q8IJS2	PF3D7_1012300
Q8IJS3	PF3D7_1012200
Q8IJS4	PF3D7_1012100
Q8IJS5	PF3D7_1012000
Q8IJS6	PF3D7_1011900
Q8IJS7	PF3D7_1011800
Q8IJS8	PF3D7_1011700
Q8IJS9	PF3D7_1011600
Q8IJT0	PF3D7_1011500
Q8IJT1	PF3D7_1011400
Q8IJT2	PF3D7_1011300
Q8IJT3	PF3D7_1011200
Q8IJT4	PF3D7_1011100
Q8IJT5	PF3D7_1011000
Q8IJT6	PF3D7_1010900
Q8IJT7	PF3D7_1010800
Q8IJT8	PF3D7_1010700
Q8IJT9	PF3D7_1010600
Q8IJU0	PF3D7_1010500
Q8IJU1	PF3D7_1010400
Q8IJU2	PF3D7_1010300
Q8IJU3	PF3D7_1010200
Q8IJU4	PF3D7_1010100
Q8IJU5	PF3D7_1010000
Q8IJU6	PF3D7_1009900
Q8IJU7	PF3D7_1009800
Q8IJU8	PF3D7_1009700
Q8IJV0	PF3D7_1009500
Q8IJV1	PF3D7_1009400
Q8IJV2	PF3D7_1009300
Q8IJV3	PF3D7_1009200
Q8IJV4	PF3D7_1009100
Q8IJV5	PF3D7_1009000
Q8IJV6	PF3D7_1008900
Q8IJV6	Pf7G8-2_000294600
Q8IJV6	Pf7G8_100013300
Q8IJV6	PfCD01_100014100
Q8IJV6	PfDd2_100014200
Q8IJV6	PfGA01_100014200
Q8IJV6	PfGB4_100013900
Q8IJV6	PfGN01_100014500
Q8IJV6	PfHB3_100013300
Q8IJV6	PfIT_100012900
Q8IJV6	PfKE01_100014200
Q8IJV6	PfKH01_100013500
Q8IJV6	PfKH02_100014300
Q8IJV6	PfML01_100013200
Q8IJV6	PfNF135_100014400
Q8IJV6	PfNF166_100013900
Q8IJV6	PfNF54_100014100
Q8IJV6	PfSD01_100013600
Q8IJV6	PfSN01_100014300
Q8IJV6	PfTG01_100014100
Q8IJV7	PF3D7_1008800
Q8IJV8	PF3D7_1008600
Q8IJV9	PF3D7_1008500
Q8IJW0	PF3D7_1008400
Q8IJW1	PF3D7_1008200
Q8IJW3	PF3D7_1008000
Q8IJW4	PF3D7_1007900
Q8IJW5	PF3D7_1007800
Q8IJW6	PF3D7_1007700
Q8IJW7	PF3D7_1007600
Q8IJW8	PF3D7_1007400
Q8IJW9	PF3D7_1007300
Q8IJX0	PF3D7_1007200
Q8IJX1	PF3D7_1007000
Q8IJX2	PF3D7_1006900
Q8IJX3	PF3D7_1006800
Q8IJX4	PF3D7_1006700
Q8IJX5	PF3D7_1006600
Q8IJX6	PF3D7_1006500
Q8IJX7	PF3D7_1006400
Q8IJX8	PF3D7_1006200
Q8IJY0	PF3D7_1006000
Q8IJY1	PF3D7_1005900
Q8IJY2	PF3D7_1005800
Q8IJY3	PF3D7_1005700
Q8IJY5	PF3D7_1005400
Q8IJY6	PF3D7_1005300
Q8IJY7	PF3D7_1005100
Q8IJY8	PF3D7_1004900
Q8IJY9	PF3D7_1004800
Q8IJZ0	PF3D7_1004700
Q8IJZ1	PF3D7_1004600
Q8IJZ2	PF3D7_1004500
Q8IJZ3	PF3D7_1004400
Q8IJZ4	PF3D7_1004300
Q8IJZ6	PF3D7_1004100
Q8IJZ7	PF3D7_1004000
Q8IJZ8	PF3D7_1003900
Q8IJZ9	PF3D7_1003800
Q8IK00	PF3D7_1003700
Q8IK01	PF3D7_1003600
Q8IK02	PF3D7_1003500
Q8IK03	PF3D7_1003400
Q8IK04	PF3D7_1003300
Q8IK05	PF3D7_1003200
Q8IK06	PF3D7_1003000
Q8IK07	PF3D7_1002900
Q8IK08	PF3D7_1002800
Q8IK09	PF3D7_1002700
Q8IK10	PF3D7_1002600
Q8IK11	PF3D7_1002500
Q8IK12	PF3D7_1002400
Q8IK13	PF3D7_1002300
Q8IK14	PF3D7_1002200
Q8IK15	PF3D7_1002100
Q8IK16	PF3D7_1002000
Q8IK17	PF3D7_1001900
Q8IK18	PF3D7_1001800
Q8IK19	PF3D7_1001700
Q8IK20	PF3D7_1001600
Q8IK21	PF3D7_1001500
Q8IK22	PF3D7_1001400
Q8IK23	PF3D7_1001300
Q8IK24	PF3D7_1001200
Q8IK25	PF3D7_1001100
Q8IK27	PF3D7_1001000
Q8IK32	PF3D7_1000600
Q8IK34	PF3D7_1000400
Q8IK35	PF3D7_1000300
Q8IK36	PF3D7_1000200
Q8IK37	PF3D7_1000100
Q8IK38	PF3D7_1480000
Q8IK40	PF3D7_1479800
Q8IK41	PF3D7_1479700
Q8IK42	PF3D7_1479600
Q8IK43	PF3D7_1479500
Q8IK44	PF3D7_1479400
Q8IK45	PF3D7_1479200
Q8IK46	PF3D7_1479100
Q8IK47	PF3D7_1478800
Q8IK49	PF3D7_1478600
Q8IK54	PF3D7_1478100
Q8IK55	PF3D7_1478000
Q8IK57	PF3D7_1477800
Q8IK58	PF3D7_1477700
Q8IK60	PF3D7_1477500
Q8IK61	PF3D7_1477400
Q8IK62	PF3D7_1477300
Q8IK68	PF3D7_1476800
Q8IK69	PF3D7_1476700
Q8IK70	PF3D7_1476600
Q8IK71	PF3D7_1476500
Q8IK74	PF3D7_1476300
Q8IK76	PF3D7_1476200
Q8IK77	PF3D7_1476100
Q8IK78	PF3D7_1476000
Q8IK81	PF3D7_1475700
Q8IK82	PF3D7_1475600
Q8IK83	PF3D7_1475500
Q8IK85	PF3D7_1475300
Q8IK86	PF3D7_1475200
Q8IK87	PF3D7_1475100
Q8IK88	PF3D7_1475000
Q8IK89	PF3D7_1474900
Q8IK90	PF3D7_1474800
Q8IK91	PF3D7_1474700
Q8IK92	PF3D7_1474600
Q8IK93	PF3D7_1474500
Q8IK95	PF3D7_1474300
Q8IK97	PF3D7_1474100
Q8IK98	PF3D7_1474000
Q8IK99	PF3D7_1473900
Q8IKA0	PF3D7_1473700
Q8IKA1	PF3D7_1473600
Q8IKA2	PF3D7_1473500
Q8IKA3	PF3D7_1473400
Q8IKA5	PF3D7_1473300
Q8IKA6	PF3D7_1473200
Q8IKA7	PF3D7_1473100
Q8IKA8	PF3D7_1473000
Q8IKA9	PF3D7_1472900
Q8IKB0	PF3D7_1472800
Q8IKB1	PF3D7_1472700
Q8IKB2	PF3D7_1472600
Q8IKB3	PF3D7_1472500
Q8IKB4	PF3D7_1472400
Q8IKB5	PF3D7_1472300
Q8IKB7	PF3D7_1472100
Q8IKB8	PF3D7_1472000
Q8IKC1	PF3D7_1471800
Q8IKC2	PF3D7_1471700
Q8IKC3	PF3D7_1471600
Q8IKC4	PF3D7_1471500
Q8IKC5	PF3D7_1471400
Q8IKC6	PF3D7_1471300
Q8IKC7	PF3D7_1471200
Q8IKC8	PF3D7_1471100
Q8IKC9	PF3D7_1470900
Q8IKD0	PF3D7_1470800
Q8IKD1	PF3D7_1470700
Q8IKD3	PF3D7_1470500
Q8IKD4	PF3D7_1470400
Q8IKD5	PF3D7_1470300
Q8IKD6	PF3D7_1470200
Q8IKD7	PF3D7_1470100
Q8IKD8	PF3D7_1469900
Q8IKD9	PF3D7_1469800
Q8IKE0	PF3D7_1469700
Q8IKE2	PF3D7_1469500
Q8IKE3	PF3D7_1469400
Q8IKE4	PF3D7_1469300
Q8IKE5	PF3D7_1469200
Q8IKE6	PF3D7_1469100
Q8IKE7	PF3D7_1469000
Q8IKE8	PF3D7_1468900
Q8IKE9	PF3D7_1468800
Q8IKF0	PF3D7_1468700
Q8IKF1	PF3D7_1468600
Q8IKF2	PF3D7_1468500
Q8IKF4	PF3D7_1468300
Q8IKF5	PF3D7_1468200
Q8IKF6	PF3D7_1468100
Q8IKF7	PF3D7_1468000
Q8IKF8	PF3D7_1467900
Q8IKF9	PF3D7_1467800
Q8IKG0	PF3D7_1467700
Q8IKG2	PF3D7_1467500
Q8IKG3	PF3D7_1467400
Q8IKG4	PF3D7_1467300
Q8IKG5	PF3D7_1467200
Q8IKG6	PF3D7_1467100
Q8IKG8	PF3D7_1466900
Q8IKG9	PF3D7_1466800
Q8IKH0	PF3D7_1466700
Q8IKH1	PF3D7_1466600
Q8IKH2	PF3D7_1466400
Q8IKH3	PF3D7_1466300
Q8IKH5	PF3D7_1466100
Q8IKH6	PF3D7_1466000
Q8IKH8	PF3D7_1465900
Q8IKI0	PF3D7_1465700
Q8IKI1	PF3D7_1465600
Q8IKI3	PF3D7_1465500
Q8IKI4	PF3D7_1465400
Q8IKI5	PF3D7_1465300
Q8IKI6	PF3D7_1465200
Q8IKI7	PF3D7_1465100
Q8IKI8	PF3D7_1465000
Q8IKI9	PF3D7_1464900
Q8IKJ0	PF3D7_1464700
Q8IKJ1	PF3D7_1464600
Q8IKJ3	PF3D7_1464400
Q8IKJ4	PF3D7_1464300
Q8IKJ5	PF3D7_1464200
Q8IKJ6	PF3D7_1464100
Q8IKJ7	PF3D7_1464000
Q8IKJ8	PF3D7_1463900
Q8IKJ9	PF3D7_1463800
Q8IKK0	PF3D7_1463700
Q8IKK1	PF3D7_1463500
Q8IKK2	PF3D7_1463400
Q8IKK3	PF3D7_1463300
Q8IKK4	PF3D7_1463200
Q8IKK5	PF3D7_1463000
Q8IKK6	PF3D7_1462900
Q8IKK7	PF3D7_1462800
Q8IKK8	PF3D7_1462600
Q8IKK9	PF3D7_1462500
Q8IKL1	PF3D7_1462300
Q8IKL2	PF3D7_1462200
Q8IKL3	PF3D7_1462100
Q8IKL4	PF3D7_1462000
Q8IKL5	PF3D7_1461900
Q8IKL7	PF3D7_1461600
Q8IKL8	PF3D7_1461400
Q8IKL9	PF3D7_1461300
Q8IKM1	PF3D7_1461100
Q8IKM2	PF3D7_1461000
Q8IKM3	PF3D7_1460900
Q8IKM4	PF3D7_1460800
Q8IKM5	PF3D7_1460700
Q8IKM6	PF3D7_1460600
Q8IKM7	PF3D7_1460500
Q8IKM8	PF3D7_1460400
Q8IKM9	PF3D7_1460200
Q8IKN0	PF3D7_1460100
Q8IKN1	PF3D7_1460000
Q8IKN2	PF3D7_1459900
Q8IKN3	PF3D7_1459800
Q8IKN4	PF3D7_1459700
Q8IKN5	PF3D7_1459600
Q8IKN6	PF3D7_1459500
Q8IKN7	PF3D7_1459400
Q8IKN8	PF3D7_1459300
Q8IKN9	PF3D7_1459200
Q8IKP0	PF3D7_1459100
Q8IKP1	PF3D7_1459000
Q8IKP2	PF3D7_1458900
Q8IKP3	PF3D7_1458800
Q8IKP4	PF3D7_1458700
Q8IKP5	PF3D7_1458600
Q8IKP6	PF3D7_1458500
Q8IKP7	PF3D7_1458400
Q8IKP8	PF3D7_1458300
Q8IKP9	PF3D7_1458200
Q8IKQ0	PF3D7_1458100
Q8IKQ2	PF3D7_1457800
Q8IKQ3	PF3D7_1457700
Q8IKQ4	PF3D7_1457600
Q8IKQ5	PF3D7_1457500
Q8IKQ7	PF3D7_1457300
Q8IKQ8	PF3D7_1457100
Q8IKQ9	PF3D7_1457000
Q8IKR0	PF3D7_1456900
Q8IKR1	PF3D7_1456800
Q8IKR2	PF3D7_1456700
Q8IKR3	PF3D7_1456600
Q8IKR4	PF3D7_1456500
Q8IKR5	PF3D7_1456400
Q8IKR6	PF3D7_1456300
Q8IKR7	PF3D7_1456200
Q8IKR8	PF3D7_1456100
Q8IKR9	PF3D7_1456000
Q8IKS0	PF3D7_1455800
Q8IKS1	PF3D7_1455700
Q8IKS2	PF3D7_1455600
Q8IKS3	PF3D7_1455500
Q8IKS4	PF3D7_1455400
Q8IKS5	PF3D7_1455300
Q8IKS8	PF3D7_1455100
Q8IKS9	PF3D7_1455000
Q8IKT0	PF3D7_1454900
Q8IKT1	PF3D7_1454800
Q8IKT2	PF3D7_1454700
Q8IKT3	PF3D7_1454600
Q8IKT4	PF3D7_1454500
Q8IKT6	PF3D7_1454300
Q8IKT7	PF3D7_1454200
Q8IKT8	PF3D7_1454000
Q8IKT9	PF3D7_1453900
Q8IKU0	PF3D7_1453800
Q8IKU1	PF3D7_1453700
Q8IKU2	PF3D7_1453600
Q8IKU3	PF3D7_1453500
Q8IKU4	PF3D7_1453400
Q8IKU5	PF3D7_1453200
Q8IKU6	PF3D7_1453100
Q8IKU7	PF3D7_1453000
Q8IKU8	PF3D7_1452800
Q8IKU9	PF3D7_1452700
Q8IKV1	PF3D7_1452500
Q8IKV2	PF3D7_1452400
Q8IKV3	PF3D7_1452300
Q8IKV4	PF3D7_1452200
Q8IKV5	PF3D7_1452100
Q8IKV6	PF3D7_1452000
Q8IKV7	PF3D7_1451900
Q8IKV8	PF3D7_1451800
Q8IKV9	PF3D7_1451700
Q8IKW0	PF3D7_1451600
Q8IKW1	PF3D7_1451500
Q8IKW2	PF3D7_1451400
Q8IKW3	PF3D7_1451300
Q8IKW4	PF3D7_1451200
Q8IKW5	PF3D7_1451100
Q8IKW6	PF3D7_1451000
Q8IKW7	PF3D7_1450900
Q8IKW8	PF3D7_1450800
Q8IKW9	PF3D7_1450700
Q8IKX0	PF3D7_1450600
Q8IKX1	PF3D7_1450500
Q8IKX2	PF3D7_1450400
Q8IKX3	PF3D7_1450300
Q8IKX4	PF3D7_1450100
Q8IKX5	PF3D7_1450000
Q8IKX6	PF3D7_1449900
Q8IKX7	PF3D7_1449800
Q8IKX8	PF3D7_1449700
Q8IKX9	PF3D7_1449600
Q8IKY0	PF3D7_1449500
Q8IKY1	PF3D7_1449400
Q8IKY3	PF3D7_1449100
Q8IKY4	PF3D7_1449000
Q8IKY5	PF3D7_1448800
Q8IKY6	PF3D7_1448700
Q8IKY7	PF3D7_1448600
Q8IKY9	PF3D7_1448400
Q8IKZ0	PF3D7_1448300
Q8IKZ3	PF3D7_1448200
Q8IKZ4	PF3D7_1448100
Q8IKZ5	PF3D7_1448000
Q8IKZ6	PF3D7_1447900
Q8IKZ7	PF3D7_1447800
Q8IKZ8	PF3D7_1447700
Q8IKZ9	PF3D7_1447500
Q8IL00	PF3D7_1447200
Q8IL01	PF3D7_1447100
Q8IL02	PF3D7_1447000
Q8IL04	PF3D7_1446800
Q8IL06	PF3D7_1446700
Q8IL07	PF3D7_1446600
Q8IL09	PF3D7_1446400
Q8IL10	PF3D7_1446300
Q8IL11	PF3D7_1446200
Q8IL12	PF3D7_1446100
Q8IL13	PF3D7_1445900
Q8IL15	PF3D7_1445800
Q8IL16	PF3D7_1445700
Q8IL17	PF3D7_1445600
Q8IL18	PF3D7_1445500
Q8IL19	PF3D7_1445400
Q8IL20	PF3D7_1445300
Q8IL21	PF3D7_1445200
Q8IL22	PF3D7_1445100
Q8IL23	PF3D7_1445000
Q8IL24	PF3D7_1444900
Q8IL25	PF3D7_1444700
Q8IL26	PF3D7_1444500
Q8IL27	PF3D7_1444400
Q8IL28	PF3D7_1444300
Q8IL29	PF3D7_1444200
Q8IL31	PF3D7_1444000
Q8IL32	PF3D7_1443900
Q8IL33	PF3D7_1443800
Q8IL34	PF3D7_1443700
Q8IL35	PF3D7_1443600
Q8IL36	PF3D7_1443500
Q8IL37	PF3D7_1443400
Q8IL38	PF3D7_1443300
Q8IL39	PF3D7_1443200
Q8IL40	PF3D7_1443100
Q8IL41	PF3D7_1443000
Q8IL43	PF3D7_1442800
Q8IL44	PF3D7_1442700
Q8IL46	PF3D7_1442500
Q8IL47	PF3D7_1442400
Q8IL48	PF3D7_1442300
Q8IL49	PF3D7_1442200
Q8IL50	PF3D7_1442000
Q8IL51	PF3D7_1441900
Q8IL52	PF3D7_1441800
Q8IL53	PF3D7_1441700
Q8IL54	PF3D7_1441600
Q8IL55	PF3D7_1441500
Q8IL56	PF3D7_1441400
Q8IL57	PF3D7_1441300
Q8IL58	PF3D7_1441200
Q8IL59	PF3D7_1441100
Q8IL60	PF3D7_1441000
Q8IL61	PF3D7_1440900
Q8IL62	PF3D7_1440800
Q8IL63	PF3D7_1440700
Q8IL65	PF3D7_1440500
Q8IL66	PF3D7_1440400
Q8IL67	PF3D7_1440200
Q8IL68	PF3D7_1440300
Q8IL69	PF3D7_1440100
Q8IL70	PF3D7_1440000
Q8IL71	PF3D7_1439800
Q8IL72	PF3D7_1439700
Q8IL73	PF3D7_1439600
Q8IL74	PF3D7_1439500
Q8IL75	PF3D7_1439400
Q8IL76	PF3D7_1439300
Q8IL77	PF3D7_1439200
Q8IL78	PF3D7_1439100
Q8IL79	PF3D7_1439000
Q8IL80	PF3D7_1438900
Q8IL82	PF3D7_1438600
Q8IL83	PF3D7_1438500
Q8IL84	PF3D7_1438400
Q8IL86	PF3D7_1438100
Q8IL87	PF3D7_1438000
Q8IL88	PF3D7_1437900
Q8IL89	PF3D7_1437700
Q8IL90	PF3D7_1437600
Q8IL91	PF3D7_1437500
Q8IL92	PF3D7_1437400
Q8IL93	PF3D7_1437300
Q8IL94	PF3D7_1437200
Q8IL95	PF3D7_1437100
Q8IL96	PF3D7_1437000
Q8IL97	PF3D7_1436900
Q8IL98	PF3D7_1436800
Q8IL99	PF3D7_1436700
Q8ILA0	PF3D7_1436500
Q8ILA1	PF3D7_1436300
Q8ILA2	PF3D7_1436200
Q8ILA3	PF3D7_1436100
Q8ILA4	PF3D7_1436000
Q8ILA5	PF3D7_1435900
Q8ILA6	PF3D7_1435800
Q8ILA7	PF3D7_1435700
Q8ILA8	PF3D7_1435600
Q8ILA9	PF3D7_1435500
Q8ILB0	PF3D7_1435400
Q8ILB2	PF3D7_1435200
Q8ILB3	PF3D7_1435100
Q8ILB4	PF3D7_1435000
Q8ILB5	PF3D7_1434900
Q8ILB6	PF3D7_1434800
Q8ILB7	PF3D7_1434700
Q8ILB8	PF3D7_1434600
Q8ILC0	PF3D7_1434400
Q8ILC1	PF3D7_1434300
Q8ILC2	PF3D7_1434100
Q8ILC3	PF3D7_1434000
Q8ILC4	PF3D7_1433900
Q8ILC5	PF3D7_1433800
Q8ILC6	PF3D7_1433700
Q8ILC7	PF3D7_1433600
Q8ILC8	PF3D7_1433500
Q8ILD0	PF3D7_1433300
Q8ILD1	PF3D7_1433200
Q8ILD2	PF3D7_1433100
Q8ILD3	PF3D7_1432900
Q8ILD4	PF3D7_1432800
Q8ILD6	PF3D7_1432600
Q8ILD7	PF3D7_1432500
Q8ILD9	PF3D7_1432400
Q8ILE0	PF3D7_1432300
Q8ILE1	PF3D7_1432200
Q8ILE3	PF3D7_1432100
Q8ILE4	PF3D7_1432000
Q8ILE6	PF3D7_1431900
Q8ILE7	PF3D7_1431800
Q8ILE8	PF3D7_1431700
Q8ILE9	PF3D7_1431600
Q8ILF0	PF3D7_1431500
Q8ILF1	PF3D7_1431400
Q8ILF2	PF3D7_1431300
Q8ILF3	PF3D7_1431200
Q8ILF4	PF3D7_1431100
Q8ILF5	PF3D7_1431000
Q8ILF6	PF3D7_1430800
Q8ILF7	PF3D7_1430700
Q8ILF8	PF3D7_1430600
Q8ILF9	PF3D7_1430500
Q8ILG0	PF3D7_1430400
Q8ILG1	PF3D7_1430300
Q8ILG2	PF3D7_1430200
Q8ILG3	PF3D7_1430100
Q8ILG4	PF3D7_1430000
Q8ILG5	PF3D7_1429900
Q8ILG6	PF3D7_1429800
Q8ILG7	PF3D7_1429700
Q8ILG8	PF3D7_1429600
Q8ILG9	PF3D7_1429500
Q8ILH1	PF3D7_1429300
Q8ILH2	PF3D7_1429200
Q8ILH3	PF3D7_1429100
Q8ILH4	PF3D7_1429000
Q8ILH5	PF3D7_1428900
Q8ILH6	PF3D7_1428800
Q8ILH7	PF3D7_1428700
Q8ILH8	PF3D7_1428600
Q8ILH9	PF3D7_1428500
Q8ILI2	PF3D7_1428300
Q8ILI3	PF3D7_1428200
Q8ILI4	PF3D7_1428100
Q8ILI5	PF3D7_1428000
Q8ILI6	PF3D7_1427900
Q8ILI7	PF3D7_1427800
Q8ILI8	PF3D7_1427600
Q8ILI9	PF3D7_1427500
Q8ILJ0	PF3D7_1427400
Q8ILJ1	PF3D7_1427300
Q8ILJ3	PF3D7_1427100
Q8ILJ4	PF3D7_1427000
Q8ILJ5	PF3D7_1426900
Q8ILJ6	PF3D7_1426800
Q8ILJ7	PF3D7_1426700
Q8ILJ8	PF3D7_1426600
Q8ILJ9	PF3D7_1426500
Q8ILK1	PF3D7_1426200
Q8ILK2	PF3D7_1426100
Q8ILK3	PF3D7_1426000
Q8ILK4	PF3D7_1425900
Q8ILK5	PF3D7_1425800
Q8ILK6	PF3D7_1425700
Q8ILK7	PF3D7_1425600
Q8ILK8	PF3D7_1425500
Q8ILK9	PF3D7_1425400
Q8ILL1	PF3D7_1425200
Q8ILL2	PF3D7_1424400
Q8ILL3	PF3D7_1424100
Q8ILL4	PF3D7_1423800
Q8ILL5	PF3D7_1423700
Q8ILL6	PF3D7_1423600
Q8ILL7	PF3D7_1423500
Q8ILL8	PF3D7_1423400
Q8ILL9	PF3D7_1423300
Q8ILM0	PF3D7_1423200
Q8ILM1	PF3D7_1423100
Q8ILM2	PF3D7_1423000
Q8ILM3	PF3D7_1422900
Q8ILM5	PF3D7_1422800
Q8ILM6	PF3D7_1422700
Q8ILM7	PF3D7_1422600
Q8ILM8	PF3D7_1422500
Q8ILM9	PF3D7_1422400
Q8ILN0	PF3D7_1422200
Q8ILN1	PF3D7_1422100
Q8ILN2	PF3D7_1421900
Q8ILN3	PF3D7_1421800
Q8ILN4	PF3D7_1421600
Q8ILN5	PF3D7_1421500
Q8ILN7	PF3D7_1421300
Q8ILN8	PF3D7_1421200
Q8ILN9	PF3D7_1421100
Q8ILP0	PF3D7_1421000
Q8ILP1	PF3D7_1420900
Q8ILP2	PF3D7_1420800
Q8ILP3	PF3D7_1420700
Q8ILP4	PF3D7_1420600
Q8ILP6	PF3D7_1420400
Q8ILP7	PF3D7_1420300
Q8ILP8	PF3D7_1420200
Q8ILP9	PF3D7_1420100
Q8ILQ0	PF3D7_1420000
Q8ILQ1	PF3D7_1419900
Q8ILQ3	PF3D7_1419700
Q8ILQ4	PF3D7_1419600
Q8ILQ5	PF3D7_1419500
Q8ILQ6	PF3D7_1419400
Q8ILQ7	PF3D7_1419300
Q8ILQ7	Pf7G8-2_000494300
Q8ILQ7	Pf7G8_140024800
Q8ILQ7	PfCD01_140025000
Q8ILQ7	PfDd2_140024100
Q8ILQ7	PfGA01_140025100
Q8ILQ7	PfGB4_140025700
Q8ILQ7	PfGN01_140024800
Q8ILQ7	PfHB3_140025300
Q8ILQ7	PfIT_140026000
Q8ILQ7	PfKE01_140024600
Q8ILQ7	PfKH01_140025000
Q8ILQ7	PfKH02_140025300
Q8ILQ7	PfML01_140024800
Q8ILQ7	PfNF135_140024700
Q8ILQ7	PfNF166_140023400
Q8ILQ7	PfNF54_140024300
Q8ILQ7	PfSD01_140022900
Q8ILQ7	PfSN01_140026700
Q8ILQ7	PfTG01_140024900
Q8ILQ8	PF3D7_1419200
Q8ILQ9	PF3D7_1419100
Q8ILR0	PF3D7_1419000
Q8ILR3	PF3D7_1418300
Q8ILR4	PF3D7_1418200
Q8ILR6	PF3D7_1418000
Q8ILR7	PF3D7_1417800
Q8ILR8	PF3D7_1417700
Q8ILS0	PF3D7_1417500
Q8ILS3	PF3D7_1417300
Q8ILS5	PF3D7_1417100
Q8ILS6	PF3D7_1417000
Q8ILS7	PF3D7_1416900
Q8ILS8	PF3D7_1416800
Q8ILT0	PF3D7_1416500
Q8ILT2	PF3D7_1416400
Q8ILT3	PF3D7_1416300
Q8ILT4	PF3D7_1416200
Q8ILT5	PF3D7_1416100
Q8ILT7	PF3D7_1415900
Q8ILT8	PF3D7_1415800
Q8ILT9	PF3D7_1415700
Q8ILU0	PF3D7_1415600
Q8ILU2	PF3D7_1415400
Q8ILU3	PF3D7_1415300
Q8ILU4	PF3D7_1415200
Q8ILU5	PF3D7_1415100
Q8ILU6	PF3D7_1415000
Q8ILU7	PF3D7_1414900
Q8ILU8	PF3D7_1414800
Q8ILU9	PF3D7_1414700
Q8ILV1	PF3D7_1414400
Q8ILV2	PF3D7_1414300
Q8ILV3	PF3D7_1414200
Q8ILV4	PF3D7_1414100
Q8ILV5	PF3D7_1414000
Q8ILV6	PF3D7_1413900
Q8ILV7	PF3D7_1413800
Q8ILV8	PF3D7_1413700
Q8ILW0	PF3D7_1413500
Q8ILW1	PF3D7_1413400
Q8ILW2	PF3D7_1413200
Q8ILW3	PF3D7_1413100
Q8ILW4	PF3D7_1413000
Q8ILW5	PF3D7_1412900
Q8ILW6	PF3D7_1412800
Q8ILW7	PF3D7_1412700
Q8ILW8	PF3D7_1412600
Q8ILW9	PF3D7_1412500
Q8ILX1	PF3D7_1412300
Q8ILX2	PF3D7_1412200
Q8ILX3	PF3D7_1412100
Q8ILX4	PF3D7_1412000
Q8ILX6	PF3D7_1411900
Q8ILX7	PF3D7_1411800
Q8ILX8	PF3D7_1411700
Q8ILY0	PF3D7_1411500
Q8ILY1	PF3D7_1411400
Q8ILY2	PF3D7_1411300
Q8ILY3	PF3D7_1411200
Q8ILY4	PF3D7_1411100
Q8ILY5	PF3D7_1411000
Q8ILY6	PF3D7_1410900
Q8ILY7	PF3D7_1410800
Q8ILY8	PF3D7_1410700
Q8ILY9	PF3D7_1410600
Q8ILZ0	PF3D7_1410500
Q8ILZ1	PF3D7_1410400
Q8ILZ3	PF3D7_1410200
Q8ILZ4	PF3D7_1410100
Q8ILZ5	PF3D7_1410000
Q8ILZ6	PF3D7_1409900
Q8ILZ7	PF3D7_1409800
Q8ILZ9	PF3D7_1409600
Q8IM00	PF3D7_1409500
Q8IM01	PF3D7_1409400
Q8IM03	PF3D7_1409300
Q8IM04	PF3D7_1409200
Q8IM05	PF3D7_1409100
Q8IM06	PF3D7_1409000
Q8IM07	PF3D7_1408900
Q8IM08	PF3D7_1408800
Q8IM10	PF3D7_1408600
Q8IM11	PF3D7_1408500
Q8IM12	PF3D7_1408400
Q8IM14	PF3D7_1408200
Q8IM15	PF3D7_1408100
Q8IM16	PF3D7_1407800
Q8IM17	PF3D7_1407700
Q8IM18	PF3D7_1407600
Q8IM19	PF3D7_1407500
Q8IM20	PF3D7_1407400
Q8IM21	PF3D7_1407300
Q8IM22	PF3D7_1407200
Q8IM23	PF3D7_1407100
Q8IM24	PF3D7_1407000
Q8IM25	PF3D7_1406900
Q8IM26	PF3D7_1406800
Q8IM27	PF3D7_1406700
Q8IM28	PF3D7_1406600
Q8IM29	PF3D7_1406500
Q8IM30	PF3D7_1406400
Q8IM31	PF3D7_1406300
Q8IM33	PF3D7_1406100
Q8IM34	PF3D7_1406000
Q8IM36	PF3D7_1405800
Q8IM37	PF3D7_1405700
Q8IM38	PF3D7_1405600
Q8IM39	PF3D7_1405500
Q8IM40	PF3D7_1405400
Q8IM41	PF3D7_1405300
Q8IM42	PF3D7_1405200
Q8IM43	PF3D7_1405100
Q8IM44	PF3D7_1405000
Q8IM45	PF3D7_1404900
Q8IM46	PF3D7_1404800
Q8IM47	PF3D7_1404700
Q8IM49	PF3D7_1404500
Q8IM50	PF3D7_1404400
Q8IM51	PF3D7_1404300
Q8IM52	PF3D7_1404200
Q8IM53	PF3D7_1404100
Q8IM54	PF3D7_1404000
Q8IM55	PF3D7_1403900
Q8IM56	PF3D7_1403800
Q8IM57	PF3D7_1403700
Q8IM60	PF3D7_1403300
Q8IM61	PF3D7_1403000
Q8IM62	PF3D7_1402800
Q8IM64	PF3D7_1402500
Q8IM65	PF3D7_1402400
Q8IM66	PF3D7_1402300
Q8IM67	PF3D7_1402200
Q8IM68	PF3D7_1402100
Q8IM69	PF3D7_1402000
Q8IM70	PF3D7_1401900
Q8IM71	PF3D7_1401800
Q8IM72	PF3D7_1401700
Q8IM73	PF3D7_1401600
Q8IM74	PF3D7_1401500
Q8IM75	PF3D7_1401300
Q8IM76	PF3D7_1401200
Q8IM77	PF3D7_1401100
Q8IM78	PF3D7_1401000
Q8IM80	PF3D7_1400800
Q8IM81	PF3D7_1400700
Q8IM82	PF3D7_1400600
Q8IM83	PF3D7_1400500
Q8IM84	PF3D7_1400400
Q8IM85	PF3D7_1400200
Q9NDU5	PF3D7_0318700
Q9NDU6	PF3D7_0316100
Q9NDU7	PF3D7_0302700
Q9NF98	PF3D7_0322800
Q9NFA0	PF3D7_0320700
Q9NFA1	PF3D7_0320600
Q9NFA9	PF3D7_0100900
Q9NFB0	PF3D7_0100800
Q9NFB2	PF3D7_0100600
Q9NFB3	PF3D7_0100400
Q9NFB4	PF3D7_0100300
Q9NFB5	PF3D7_0100200
Q9NFB6	PF3D7_0100100
Q9NFE4	PF3D7_0312000
Q9NFE5	PF3D7_0311500
Q9NFE6	PF3D7_0310600
Q9NJU9	PF3D7_0310100
Q9NLA7	PF3D7_0310000
Q9NLA8	PF3D7_0309100
Q9NLA9	PF3D7_0308800
Q9NLB0	PF3D7_0306700
Q9NLB1	PF3D7_0306600
Q9NLB2	PF3D7_0306300
Q9NLB3	PF3D7_0306000
Q9NLB4	PF3D7_0305900
Q9NLB5	PF3D7_0305400
Q9NLB6	PF3D7_0304900
Q9NLB8	PF3D7_0304200
Q9NLB9	PF3D7_0303900
Q9TY94	PF3D7_0209800
Q9TY95	PF3D7_0207600
Q9TY96	PF3D7_0207500
Q9TY98	PF3D7_0204100
Q9TY99	PF3D7_0202000
Q9U0G5	PF3D7_0412700
Q9U0G6	PF3D7_0412400
Q9U0G7	PF3D7_0412300
Q9U0G8	PF3D7_0412200
Q9U0G9	PF3D7_0412100
Q9U0H0	PF3D7_0412000
Q9U0H1	PF3D7_0411900
Q9U0H2	PF3D7_0411800
Q9U0H3	PF3D7_0411700
Q9U0H4	PF3D7_0411400
Q9U0H5	PF3D7_0411300
Q9U0H6	PF3D7_0411200
Q9U0H7	PF3D7_0411100
Q9U0H8	PF3D7_0411000
Q9U0H9	PF3D7_0410900
Q9U0I0	PF3D7_0410800
Q9U0I1	PF3D7_0410700
Q9U0I2	PF3D7_0410600
Q9U0I3	PF3D7_0410500
Q9U0I4	PF3D7_0410400
Q9U0I5	PF3D7_0410300
Q9U0I6	PF3D7_0410000
Q9U0I8	PF3D7_0409800
Q9U0J0	PF3D7_0409600
Q9U0J2	PF3D7_0409400
Q9U0J3	PF3D7_0409300
Q9U0J4	PF3D7_0409200
Q9U0J6	PF3D7_0409000
Q9U0J7	PF3D7_0408900
Q9U0J8	PF3D7_0408800
Q9U0J9	PF3D7_0408700
Q9U0K0	PF3D7_0408600
Q9U0K3	PF3D7_0408300
Q9U0K4	PF3D7_0408200
Q9U0K5	PF3D7_0408100
Q9U0K6	PF3D7_0408000
Q9U0K7	PF3D7_0407900
Q9U0K8	PF3D7_0407800
Q9U0K9	PF3D7_0407700
Q9U0L0	PF3D7_0407600
Q9U0L2	PF3D7_0407400
Q9U0L3	PF3D7_0407300
Q9U0L4	PF3D7_0407200
Q9U0L6	PF3D7_0407000
Q9U0M0	PF3D7_0406600
Q9U0M7	PF3D7_0113400
Q9U0M8	PF3D7_0113300
Q9U0N0	PF3D7_0113100
Q9U0N1	PF3D7_0113000
Q9U0N2	PF3D7_0112900
Q9U0N3	PF3D7_0112800
Q9U0N4	PF3D7_0112200
Q9U0N5	PF3D7_0112100
Q9U5L9	PF3D7_0300400
Q9U5M0	PF3D7_0324600
Q9Y011	PF3D7_0314600
Q9Y013	PF3D7_0301300
